participant,prolificID,ishihara1,ishihara2,ishihara3,ishihara4,infoMessage,digitSpanExperiment,break1,flankerArrowsExperiment,digitSpan,flankerEffect,endsurvey,INFOSCREEN,CLIENT_start,TIME_start,TIME_end,TIME_total
s.88e8c9e3-7cca-47a2-8b57-d4786331feba.txt,2170,2499,2720,2936,2407,3248,"",2640,"","","","",3658,2025-12-01-10-14,2025-12-01-17-14,2025-12-01-17-20,6
s.39fa53f7-b72a-4c33-a915-2b3e26fb8e56.txt,6666,7991,20836,5580,4835,9141,"",9206,"","","","",5013,2025-12-01-12-14,2025-12-01-17-14,2025-12-01-17-23,9
s.1d5a13a5-8b13-423e-a750-fb9b9076f8b6.txt,68770,23004,9248,4780,6524,14111,"",12556,"","","","",7209,2025-12-01-12-14,2025-12-01-17-14,2025-12-01-17-24,10
s.677aa343-b2c7-408f-82f3-36ff57298237.txt,2026,2779,2934,3898,2912,3350,"",4400,"","","","",6925,2025-12-01-12-14,2025-12-01-17-14,2025-12-01-17-21,7
s.87689bc2-60ac-4a95-91e7-9734d29fb43f.txt,3635,5474,5259,4481,4513,9876,"",3611,"","","","",9532,2025-12-01-10-14,2025-12-01-17-14,2025-12-01-17-22,8
s.a5bb30fa-ac74-44ae-b8e3-f248ebeb081a.txt,5247,6198,14069,7668,8018,7073,"",3756,"","","","",8278,2025-12-01-09-15,2025-12-01-17-15,2025-12-01-17-22,7
s.3513708b-09d9-4507-b5cd-b120e5502946.txt,6812,5147,7316,8181,6597,9048,"",33129,"","","","",12557,2025-12-01-12-15,2025-12-01-17-15,2025-12-01-17-23,8
s.13f8e31e-4cf3-4b16-b62e-2502e03a294b.txt,11158,6493,14271,23777,5176,65550,"",50440,"","","","",17585,2025-12-01-12-15,2025-12-01-17-15,2025-12-01-17-26,11
s.7c175dac-9bcc-4d38-bbca-53c28fc11721.txt,8899,6382,9033,7691,6035,3710,"",19444,"","","","",13020,2025-12-01-11-15,2025-12-01-17-15,2025-12-01-17-24,9
s.b0bb2085-bcef-4fdd-a52f-21b0182e83cf.txt,2501,4374,9496,5489,4039,796768,"",508781,"","","","",45853,2025-12-01-12-15,2025-12-01-17-15,2025-12-01-17-48,33
s.c6d73f6d-dc1f-4678-87f2-ce2ae442c826.txt,3022,6557,25286,8796,8323,10778,"",4662,"","","","",11568,2025-12-01-12-15,2025-12-01-17-15,2025-12-01-17-24,9
s.6568bb48-3e86-4f29-a012-7ba0c1b8a843.txt,4932,8700,11364,11548,4791,47467,"",7307,"","","","",13296,2025-12-01-09-15,2025-12-01-17-15,2025-12-01-17-25,10
s.1f99bb19-41cc-4307-816f-9b7753e5aaf1.txt,4977,3632,5201,3857,3238,108779,"",2180,"","","","",4078,2025-12-01-12-15,2025-12-01-17-15,2025-12-01-17-24,9
s.d1ce5a4b-5620-4e3c-9a75-2d8a5ca65aac.txt,5073,6530,25416,8030,8244,5989,"",14739,"","","","",23969,2025-12-01-12-15,2025-12-01-17-15,2025-12-01-17-24,9
s.c3bbe1ee-d0dd-4ff4-a887-b5fbc3ffe27b.txt,7093,6908,10006,7262,5290,4520,"",4123,"","","","",9252,2025-12-01-11-15,2025-12-01-17-15,2025-12-01-17-23,8
s.9c9e8a3d-52e0-459f-b17f-b46456d6aa92.txt,8758,5397,5515,4074,4174,14177,"",54767,"","","","",14673,2025-12-01-12-15,2025-12-01-17-15,2025-12-01-17-25,10
s.a38f66c3-8260-4411-8d9d-2dad97f5df2b.txt,5208,3206,5343,7018,3434,6521,"",146705,"","","","",49102,2025-12-01-12-15,2025-12-01-17-15,2025-12-01-17-25,10
s.47dd69d4-76e3-44b3-baf6-d93a8e4ae941.txt,3286,3691,5085,4755,4044,3892,"",2297,"","","","",11759,2025-12-01-12-15,2025-12-01-17-15,2025-12-01-17-22,7
s.7ae0f83f-1356-4fbe-9412-1b7e1c8cba35.txt,2913,2699,6994,7657,4842,1948,"",2057,"","","","",8473,2025-12-01-09-15,2025-12-01-17-15,2025-12-01-17-23,8
s.28c17ec7-d288-4f3f-88b2-c2328b530319.txt,8450,3314,5463,6627,3055,4131,"",27560,"","","","",16848,2025-12-01-10-15,2025-12-01-17-15,2025-12-01-17-24,9
s.9f7bbfd8-c4e8-4b83-a274-9f8ac9e2c755.txt,4910,3375,4212,3656,3914,7145,"",13011,"","","","",13189,2025-12-01-12-16,2025-12-01-17-16,2025-12-01-17-22,6
s.79c291ac-777f-4965-8207-01dcdb2ea4ef.txt,7785,6467,8182,7679,11085,13238,"",8755,"","","","",3817,2025-12-01-12-16,2025-12-01-17-16,2025-12-01-17-26,10
s.16e13599-0531-4735-9d34-12c074f57689.txt,4778,3752,5435,9159,7116,7673,"",1213,"","","","",10326,2025-12-01-11-16,2025-12-01-17-16,2025-12-01-17-25,9
s.c3a883f9-f77e-4a45-89b5-78cb2764ba7b.txt,5064,17923,7426,6523,6218,9734,"",3970,"","","","",17367,2025-12-01-12-16,2025-12-01-17-16,2025-12-01-17-30,14
s.61b60732-4058-4049-ace8-8189efde3a21.txt,3257,3144,8376,4278,6233,4852,"",26771,"","","","",39620,2025-12-01-12-16,2025-12-01-17-16,2025-12-01-17-24,8
s.c66936c0-6424-4894-8cca-6b8b2acc9d04.txt,9752,43087,12648,12630,6276,14101,"",6506,"","","","",14829,2025-12-01-11-16,2025-12-01-17-16,2025-12-01-17-29,13
s.046ee457-82d3-4a69-be99-234640a68b55.txt,2259,1614,2932,2050,2226,3369,"",2055,"","","","",2806,2025-12-01-12-17,2025-12-01-17-17,2025-12-01-17-22,5
s.4e50c2d3-e89d-4121-b215-054579d4c522.txt,4861,4665,7547,5682,4432,3762,"",20287,"","","","",16786,2025-12-01-11-17,2025-12-01-17-17,2025-12-01-17-25,8
s.28f0ef57-f60e-4788-b647-2f6b12c7aa52.txt,4952,6586,4512,4566,3978,6772,"",95680,"","","","",23833,2025-12-01-12-17,2025-12-01-17-17,2025-12-01-17-26,9
s.33515f80-0e3f-4495-b9c3-4f53a510b91f.txt,3377,6641,16994,7502,4896,4733,"",1341,"","","","",11172,2025-12-01-12-17,2025-12-01-17-17,2025-12-01-17-26,9
s.30571211-03f4-4764-8377-02d2dae1e2dd.txt,3282,4937,10121,8920,5461,5376,"",2050,"","","","",16124,2025-12-01-11-17,2025-12-01-17-17,2025-12-01-17-25,8
s.8657a573-f690-4acd-b7e7-4743305dce8a.txt,2372,3294,4778,3265,2501,4401,"",2485,"","","","",3580,2025-12-01-11-17,2025-12-01-17-17,2025-12-01-17-25,8
s.a3cbd902-1925-492e-b6a5-fbda1743f3a7.txt,3894,5101,9293,6986,4317,4224,"",15572,"","","","",5394,2025-12-01-11-17,2025-12-01-17-17,2025-12-01-17-26,9
s.2948d978-0ba0-4596-b1c8-96644d686135.txt,6406,4031,11851,3898,4125,4998,"",8090,"","","","",14577,2025-12-01-12-17,2025-12-01-17-17,2025-12-01-17-26,9
s.9b05f88c-06b5-48ce-bfea-ac7dc8f03379.txt,4926,4587,9074,4395,4283,17988,"",21491,"","","","",19241,2025-12-01-11-17,2025-12-01-17-17,2025-12-01-17-27,10
s.e590e264-45ad-465d-bc6f-c78f14d8ee16.txt,6361,6116,7442,9219,5570,5209,"",4291,"","","","",17750,2025-12-01-11-17,2025-12-01-17-17,2025-12-01-17-24,7
s.83132d5f-32c3-421d-b4ec-cba7b68db7d1.txt,5350,7125,7285,7423,6313,7604,"",79520,"","","","",31735,2025-12-01-12-17,2025-12-01-17-18,2025-12-01-17-27,9
s.a6dcc069-aa98-4d09-bbb7-43b28c0a28aa.txt,3938,9851,42604,6742,6097,7393,"",30152,"","","","",10378,2025-12-01-12-18,2025-12-01-17-18,2025-12-01-17-26,8
s.f29b0a5e-ba74-4525-9333-9e667da5ded1.txt,11529,4259,11800,11191,4353,3738,"",2880,"","","","",39894,2025-12-01-09-18,2025-12-01-17-18,2025-12-01-17-25,7
s.b78776f0-efec-4dd8-b014-0c64fafcfa3c.txt,5616,5174,8070,9301,6243,82567,"",75636,"","","","",6200,2025-12-01-12-18,2025-12-01-17-18,2025-12-01-17-33,15
s.d9235a7d-3f14-48a8-ac10-0ef2889518ba.txt,3691,4324,5013,4130,4793,8905,"",5402,"","","","",62443,2025-12-01-12-19,2025-12-01-17-19,2025-12-01-17-26,7
s.c868380b-dc90-45d1-8678-7b3d5b0ab290.txt,11273,52353,11049,16701,5225,222060,"",3693,"","","","",15955,2025-12-01-12-19,2025-12-01-17-19,2025-12-01-17-33,14
s.ebec2a57-9b81-4667-8354-c1c793fcafb5.txt,4635,8569,17933,8585,5604,5077,"",3194,"","","","",11760,2025-12-01-12-19,2025-12-01-17-19,2025-12-01-17-27,8
s.bee4315f-b5c0-4b14-9ecb-b5d90e5894a0.txt,9964,6751,11375,5380,5557,17219,"",4582,"","","","",26136,2025-12-01-12-19,2025-12-01-17-19,2025-12-01-17-29,10
s.dc723d86-9075-452a-8c68-fcb2d42cc67f.txt,4953,4309,6143,3474,4017,171828,"",2153,"","","","",4258,2025-12-01-12-19,2025-12-01-17-19,2025-12-01-17-29,10
s.cae4b76e-f340-4038-aef9-a6b9aaa09eb0.txt,3014,7784,9696,3260,4232,8834,"",5321,"","","","",3772,2025-12-01-11-19,2025-12-01-17-19,2025-12-01-17-26,7
s.f94d4cb5-bc39-4e3a-a0d3-a96fb2fecd50.txt,8566,4396,6058,6540,6647,6285,"",112133,"","","","",25608,2025-12-01-09-19,2025-12-01-17-19,2025-12-01-17-34,15
s.5457f5ed-4643-4f2d-bde6-0ef56c470b0b.txt,2495,3733,7623,6942,4132,3913,"",3253,"","","","",10513,2025-12-01-09-19,2025-12-01-17-19,2025-12-01-17-26,7
s.dec61591-cc3b-49ee-829c-8243454f0696.txt,3573,4537,9433,12782,4962,12088,"",3024,"","","","",17973,2025-12-01-09-19,2025-12-01-17-19,2025-12-01-17-28,9
s.5f498c2c-c87c-443a-82cb-b1c3d37aac5a.txt,4426,6706,5587,3915,4369,3732,"",5320,"","","","",4931,2025-12-01-11-19,2025-12-01-17-19,2025-12-01-17-26,7
s.078b10b0-b1b5-4521-8ea4-da6ef090c6bc.txt,21136,8185,11571,28825,11957,8810,"",37765,"","","","",127641,2025-12-01-09-19,2025-12-01-17-19,2025-12-01-17-32,13
s.fd671ad3-9ba5-4b32-982d-2b2d7b6916a0.txt,3594,3867,4714,4819,4587,2458,"",3179,"","","","",7718,2025-12-01-12-19,2025-12-01-17-19,2025-12-01-17-32,13
s.bf2102f2-c7ad-4f51-9cc1-b146f3803b22.txt,3213,3072,3729,3702,3408,2789,"",30763,"","","","",3861,2025-12-01-12-20,2025-12-01-17-20,2025-12-01-17-28,8
s.5bc2092b-a7f5-425d-939b-2aba2f4cf651.txt,25631,5605,12906,3092,3653,4700,"",99286,"","","","",47519,2025-12-01-12-20,2025-12-01-17-20,2025-12-01-17-33,13
s.1fa49eaf-89c0-4fb0-8399-8e8ca5162276.txt,9166,15328,7146,6026,8615,4958,"",3503,"","","","",32427,2025-12-01-12-20,2025-12-01-17-20,2025-12-01-17-30,10
s.d4729de1-fdfc-405e-ae97-49dc5cba4e35.txt,3928,34194,10842,7275,6902,7751,"",11626,"","","","",36625,2025-12-01-11-20,2025-12-01-17-20,2025-12-01-17-29,9
s.1cc0034b-5193-413d-9586-be797a44b980.txt,3084,3191,3237,4789,4664,1297846,"",41358,"","","","",15639,2025-12-01-11-20,2025-12-01-17-20,2025-12-01-18-00,40
s.18c45c4b-207b-4b16-8943-7c9f41d58215.txt,7543,3714,4299,4461,3110,2453,"",193348,"","","","",3867,2025-12-01-11-20,2025-12-01-17-20,2025-12-01-17-33,13
s.53f8a2d3-1d75-4a16-a4a5-0a93bc672aac.txt,5199,6321,6989,5033,5447,7767,"",5620,"","","","",13999,2025-12-01-11-20,2025-12-01-17-20,2025-12-01-17-31,11
s.119722e6-4d03-418a-b08f-5fd325f7627f.txt,4014,17274,9041,5684,6904,30429,"",58046,"","","","",18883,2025-12-01-12-21,2025-12-01-17-21,2025-12-01-17-31,10
s.1ee36b0f-ba18-4659-b647-ba4c6f9e3117.txt,5824,3149,3362,3321,3711,2458,"",1256,"","","","",5974,2025-12-01-11-21,2025-12-01-17-21,2025-12-01-17-26,5
s.3a7e1cf7-f62e-453d-ac61-9c5aa732b55c.txt,17066,10116,10223,6225,8288,19584,"",2510,"","","","",5622,2025-12-01-12-21,2025-12-01-17-21,2025-12-01-17-30,9
s.7e965a4e-1157-4d88-8248-7168a6046673.txt,9852,13749,37420,8163,7509,5176,"",18545,"","","","",7947,2025-12-01-09-23,2025-12-01-17-22,2025-12-01-17-31,9
s.bc3902c2-ad33-4607-b470-155397641026.txt,11050,3979,6096,9918,17272,160726,"",130061,"","","","",164621,2025-12-01-09-22,2025-12-01-17-22,2025-12-01-17-34,12
s.9133288e-b6d2-4f0b-8d17-184d41f37f33.txt,4303,6588,9218,4633,5616,44795,"",120685,"","","","",18722,2025-12-01-12-22,2025-12-01-17-22,2025-12-01-17-35,13
s.90da3f0b-b9ec-42a0-b4c6-0c17a8628a65.txt,7591,7117,9600,32764,10217,7781,"",23696,"","","","",147363,2025-12-01-11-22,2025-12-01-17-22,2025-12-01-17-34,12
s.a5b5d62e-4dd4-4df2-9858-c1938eb0bf13.txt,9395,8045,12506,8008,10908,1708,"",4135,"","","","",381217,2025-12-01-11-23,2025-12-01-17-23,2025-12-01-17-32,9
s.e7a6ea1b-7b7a-43e3-a468-5baf30b17e3e.txt,3078,4774,42378,10383,18830,3839,"",2119,"","","","",3990,2025-12-01-10-23,2025-12-01-17-23,2025-12-01-17-32,9
s.2b4252e2-fb7f-4feb-9a5e-6e7a8c455d80.txt,51457,8478,12478,10467,8385,9624,"",139732,"","","","",36067,2025-12-01-09-24,2025-12-01-17-24,2025-12-01-17-37,13
s.6296ebb9-bee0-4aa6-ba15-26196cf11a4f.txt,3044,8096,15640,4206,5433,9120,"",14256,"","","","",25099,2025-12-01-11-24,2025-12-01-17-24,2025-12-01-17-31,7
s.f01a9c8c-b03b-42af-a0f0-8404b9563c6c.txt,5275,6468,70909,11026,8888,12373,"",34194,"","","","",30906,2025-12-01-12-24,2025-12-01-17-24,2025-12-01-17-36,12
s.b98192f9-835d-4f70-9386-e9832513514b.txt,7234,4633,26222,19297,6625,8103,"",11657,"","","","",12952,2025-12-01-11-24,2025-12-01-17-24,2025-12-01-17-32,8
s.7e40d96c-531f-481a-aa26-35e4ee11ff11.txt,14162,11205,163552,21895,20283,6144,"",3819,"","","","",12992,2025-12-01-12-24,2025-12-01-17-24,2025-12-01-17-38,14
s.8f66c45c-a4e1-42fa-968a-5f14a76b008d.txt,3951,6814,9162,6609,6804,3739,"",16325,"","","","",5879,2025-12-01-12-24,2025-12-01-17-24,2025-12-01-17-31,7
s.cf692281-6754-43c4-ba58-81cded1d7715.txt,298080,5368,21643,13740,4668,23765,"",4704,"","","","",270577,2025-12-01-09-24,2025-12-01-17-24,2025-12-01-17-43,19
s.939f33a8-bbf4-48ad-8058-8f21ba6427fa.txt,3248,5772,9243,9017,5638,8083,"",27922,"","","","",15900,2025-12-01-09-24,2025-12-01-17-24,2025-12-01-17-34,10
s.9f5edbff-66db-4c00-bb05-b3207ad3e1f2.txt,5089,5920,21999,10793,6307,13147,"",41702,"","","","",6914,2025-12-01-12-24,2025-12-01-17-24,2025-12-01-17-35,11
s.96fa408b-4011-47b6-b41e-dc666942f447.txt,4666,6297,7901,6255,5114,13606,"",6208,"","","","",56442,2025-12-01-12-25,2025-12-01-17-25,2025-12-01-17-32,7
s.24c7c222-a622-4f98-92b5-ec0f3b2684a0.txt,2934,17435,6449,5723,2755,3505,"",171416,"","","","",2911,2025-12-01-11-25,2025-12-01-17-25,2025-12-01-17-35,10
s.b0fd8836-507e-41a0-85b7-bb975297dd9c.txt,4344,2978,2583,3857,2932,3796,"",1598,"","","","",3271,2025-12-01-12-25,2025-12-01-17-25,2025-12-01-17-33,8
s.4b782d07-0e41-470a-a2db-02aed786367c.txt,8223,3355,7521,3939,7123,5869,"",313248,"","","","",3304,2025-12-01-11-26,2025-12-01-17-26,2025-12-01-17-39,13
s.14960adb-204f-44b2-a4c8-e67609fba7dc.txt,3253,6925,9643,6569,5082,10461,"",33417,"","","","",14305,2025-12-01-11-26,2025-12-01-17-26,2025-12-01-17-46,20
s.46d6a0b1-7bdc-498f-a73f-5050b49ed6a6.txt,9912,8647,8897,6263,5478,9230,"",4301,"","","","",24655,2025-12-01-12-26,2025-12-01-17-26,2025-12-01-17-35,9
s.f7116329-284b-4931-8ab5-019ad112cbff.txt,9126,22035,8524,3431,2913,26771,"",5180,"","","","",4643,2025-12-01-12-27,2025-12-01-17-27,2025-12-01-17-36,9
s.2469eade-59f8-43a6-a15d-f32fcd6a33bd.txt,16521,8773,17702,6541,15662,4764,"",7991,"","","","",16998,2025-12-01-11-27,2025-12-01-17-27,2025-12-01-17-37,10
s.7470596e-1067-4183-9b4b-dd509a6aa655.txt,2235,3073,5466,3772,4226,2578,"",2034,"","","","",3006,2025-12-01-11-27,2025-12-01-17-27,2025-12-01-17-33,6
s.b1979eb9-8dc2-4fe6-929f-b1c2b6ea4665.txt,3773,5165,5827,4479,7601,1360,"",1999,"","","","",3627,2025-12-01-11-28,2025-12-01-17-28,2025-12-01-17-35,7
s.8f710d27-ecac-423a-9f86-47568a979873.txt,6402,2822,1532,4356,3202,11730,"",2318,"","","","",7107,2025-12-01-11-28,2025-12-01-17-28,2025-12-01-17-36,8
s.3bb84030-c026-407c-a6e9-e117dd1b9147.txt,2659,2940,4973,5142,3827,12710,"",35754,"","","","",2770,2025-12-01-09-29,2025-12-01-17-29,2025-12-01-17-36,7
s.655e6456-4743-47bd-9b89-1bffe74b47d2.txt,14267,4873,11976,4902,4897,7956,"",123217,"","","","",79855,2025-12-01-12-29,2025-12-01-17-29,2025-12-01-17-50,21
s.77c6a71e-2c11-4fb1-b2fd-b83f6d514818.txt,7143,5428,7777,8645,5769,5489,"",7436,"","","","",18780,2025-12-01-12-29,2025-12-01-17-29,2025-12-01-17-38,9
s.f24284d1-4981-4236-90b8-a6417a5ed035.txt,11101,79404,15199,14557,7912,14327,"",47212,"","","","",18351,2025-12-01-12-30,2025-12-01-17-30,2025-12-01-17-44,14
s.d9af06f7-0b6b-4b6f-82ba-eda83c9cf748.txt,8492,7360,6073,4143,3684,42664,"",4786,"","","","",109975,2025-12-01-12-30,2025-12-01-17-30,2025-12-01-17-41,11
s.22336597-5e50-43e1-b08f-7f8666ab3be6.txt,6372,4815,5163,4674,4734,7826,"",2975,"","","","",15790,2025-12-01-09-30,2025-12-01-17-30,2025-12-01-17-38,8
s.18af1a71-e64a-415c-ae7b-63509c900104.txt,7608,8549,10804,13871,5837,11200,"",156577,"","","","",33250,2025-12-01-12-30,2025-12-01-17-30,2025-12-01-17-41,11
s.71066ead-d44a-4361-9eac-4e67a315d19e.txt,4555,5149,5835,4971,7003,9387,"",5853,"","","","",10449,2025-12-01-11-32,2025-12-01-17-32,2025-12-01-17-40,8
s.b5c14635-7559-4204-8b5d-837bc0fb2246.txt,5984,2805,3689,4777,3963,2337,"",5112,"","","","",2660,2025-12-01-11-32,2025-12-01-17-32,2025-12-01-17-37,5
s.0b43f94f-0070-427e-baf4-e224cabbac70.txt,9078,5094,6389,4400,3973,5701,"",2052,"","","","",7355,2025-12-01-12-33,2025-12-01-17-33,2025-12-01-17-40,7
s.8dbff661-3ca6-4030-b5fd-8a5b7f95deb3.txt,7983,3187,4311,5179,4222,4232,"",2523,"","","","",4922,2025-12-01-11-33,2025-12-01-17-33,2025-12-01-17-38,5
s.1a931c5b-bbbe-44b7-8beb-4c52f198e2ac.txt,3202,3144,4049,3388,2963,6123,"",3291,"","","","",4980,2025-12-01-11-34,2025-12-01-17-34,2025-12-01-17-39,5
s.a0017ec5-4181-45f8-9ce4-461a241eb531.txt,7241,13993,5382,7713,4868,2102,"",2089,"","","","",15769,2025-12-01-12-38,2025-12-01-17-38,2025-12-01-17-44,6
s.4dbd494a-ccd0-49d1-b337-dbe3a4a654ba.txt,9734,4039,5363,71901,23106,14710,"",2105,"","","","",396273,2025-12-01-12-41,2025-12-01-17-42,2025-12-01-18-01,19
s.e3d76cfe-6136-41a1-b067-1380e76b3d44.txt,4316,5385,18227,8031,5306,6995,"",16630,"","","","",26986,2025-12-01-12-42,2025-12-01-17-42,2025-12-01-17-49,7
s.1da3c845-2f02-43f5-b950-405839c9ffdc.txt,3724,7051,7638,5682,3914,11209,"",3649,"","","","",29643,2025-12-01-12-43,2025-12-01-17-43,2025-12-01-17-55,12
s.bbc68ecc-09b6-497a-9207-883fe033ab21.txt,54490,8858,4321,3636,3341,1180,"",2236,"","","","",34417,2025-12-01-12-43,2025-12-01-17-44,2025-12-01-17-57,13
s.40daabb4-9802-4a08-b5ff-14fe8e3c75ca.txt,3671,5083,7033,5798,4353,8759,"",3069,"","","","",9852,2025-12-01-12-47,2025-12-01-17-47,2025-12-01-17-55,8
s.3b16a2b1-0049-4251-b9da-1ec2791b4a35.txt,5693,7630,15559,7904,6307,8313,"",17063,"","","","",45828,2025-12-01-11-49,2025-12-01-17-49,2025-12-01-17-58,9
s.1f736cd0-e0cf-4ca9-98b7-249b6bc8e547.txt,14542,4566,4212,2848,2826,4912,"",6091,"","","","",132988,2025-12-01-11-52,2025-12-01-17-52,2025-12-01-18-00,8
s.fec2fd9a-531c-442e-8376-719076b8e45e.txt,5568,8362,17340,36172,9340,15231,"",24308,"","","","",23994,2025-12-01-11-52,2025-12-01-17-52,2025-12-01-18-03,11
s.1c105e5a-d8a7-4f95-8ca5-7e98bb1e0bd4.txt,4536,5439,4993,4710,5114,4976,"",62329,"","","","",5320,2025-12-01-12-54,2025-12-01-17-54,2025-12-01-18-04,10
s.b5ce254b-39db-4d00-8334-eea8b2f1f3f9.txt,2529,9020,3212,3319,2994,2174,"",2524,"","","","",3132,2025-12-01-12-57,2025-12-01-17-57,2025-12-01-18-04,7
s.a05fefca-0bb3-4077-886a-9c20bfae0f61.txt,3489,7171,8367,7266,4564,10700,"",4648,"","","","",9416,2025-12-01-09-58,2025-12-01-17-58,2025-12-01-18-05,7
s.74704d2e-69df-40ef-b802-6337e7fb7a74.txt,4863,11656,16102,7528,6037,12605,"",73356,"","","","",3053,2025-12-01-13-00,2025-12-01-18-00,2025-12-01-18-09,9
s.c7cf2659-d906-4a72-aa81-f9f9dbbfdc36.txt,16735,4355,7289,6237,4812,92271,"",2458,"","","","",62660,2025-12-01-10-01,2025-12-01-18-01,2025-12-01-18-13,12
s.14a283a1-d19c-41a4-8768-e8e8c98c01be.txt,4036,5380,10375,7295,5098,32479,"",4054,"","","","",14995,2025-12-01-13-03,2025-12-01-18-03,2025-12-01-18-15,12
s.b1307cb3-f0b8-4d48-b6bf-1081da673c98.txt,3530,3829,10690,6214,3956,2221,"",201814,"","","","",282817,2025-12-01-11-06,2025-12-01-18-06,2025-12-01-18-20,14
s.59026c60-18d8-43bc-8d61-7960d5a681bd.txt,8343,4567,5536,3856,4432,5024,"",2464,"","","","",6828,2025-12-01-12-06,2025-12-01-18-06,2025-12-01-18-14,8
s.79805721-ab39-4b52-bb4f-0f91fb4395de.txt,9545,5848,6762,8202,6597,8954,"",6041,"","","","",14575,2025-12-01-13-08,2025-12-01-18-08,2025-12-01-18-23,15
s.585885aa-d2ee-47f0-bc2d-cb05b32ad9ba.txt,7427,3165,4080,13886,3700,508636,"",1870,"","","","",117846,2025-12-01-13-08,2025-12-01-18-08,2025-12-01-18-25,17
s.7d9b31c2-c7d0-4f73-b0e0-f21c4d5decb2.txt,13127,5338,3604,3906,3064,1321,"",879,"","","","",2469,2025-12-01-12-10,2025-12-01-18-10,2025-12-01-18-16,6
s.50777602-b3bb-430e-9a60-75d854fb9c9a.txt,8403,5540,21705,14218,5346,13373,"",2698,"","","","",7773,2025-12-01-13-14,2025-12-01-18-14,2025-12-01-18-24,10
s.682700eb-2b2f-4c35-8944-7df89f803b2a.txt,6728,4629,7422,5403,3796,6543,"",37125,"","","","",11386,2025-12-01-13-21,2025-12-01-18-21,2025-12-01-18-31,10
s.da2b596b-3855-4846-aa57-640f3de9ec51.txt,3230,6602,5528,3290,3217,97958,"",669080,"","","","",236156,2025-12-01-13-25,2025-12-01-18-25,2025-12-01-19-13,48
s.fc1dcd77-36a8-4bfb-a063-9e9145629f2c.txt,3352,3794,8483,4393,5070,283084,"",2084,"","","","",8194,2025-12-01-13-02,2025-12-01-19-02,2025-12-01-19-14,12
s.3c25e8c9-fb16-4227-b681-eb6710a841ab.txt,4523,5818,6378,4188,4258,9463,"",3497,"","","","",42693,2025-12-01-14-49,2025-12-01-19-49,2025-12-01-19-56,7
s.60cfcfd6-8ecb-4efc-9438-26476fc60482.txt,2326,3997,4979,5666,4601,1603,"",36206,"","","","",3292,2025-12-03-12-45,2025-12-03-18-45,2025-12-03-18-51,6
s.df16f524-5e37-4fde-a537-59a2e96e820d.txt,2996,6609,9940,3221,2961,2577,"",4769,"","","","",2380,2025-12-03-10-45,2025-12-03-18-45,2025-12-03-18-54,9
s.27cb2236-5112-47be-bb9b-7a9117a65d4d.txt,6835,4171,6884,5346,4881,3751,"",2708,"","","","",12363,2025-12-03-13-45,2025-12-03-18-45,2025-12-03-18-52,7
s.e5742ad9-aa79-4b94-98fa-bd19310be35a.txt,4155,4925,14204,5990,5811,7142,"",10759,"","","","",5071,2025-12-03-13-45,2025-12-03-18-45,2025-12-03-18-53,8
s.9b2eebf6-2be9-4877-8621-283de9dd5c99.txt,5567,4736,8014,6819,4113,2590,"",2589,"","","","",4731,2025-12-03-19-45,2025-12-03-18-45,2025-12-03-18-53,8
s.4fb7712e-d24b-43f7-9ce0-8eb50ce752ee.txt,3086,4257,4994,4210,7479,7270,"",6489,"","","","",22349,2025-12-03-12-45,2025-12-03-18-45,2025-12-03-18-52,7
s.ed07d933-3cc9-4ae6-b383-12eabf1bb3af.txt,2992,3853,4403,2858,3587,12049,"",3707,"","","","",4657,2025-12-03-12-45,2025-12-03-18-45,2025-12-03-18-52,7
s.af4f475e-3c03-4182-9e56-dbdc0d7a1da3.txt,3479,5300,7090,4550,4708,10887,"",18185,"","","","",6273,2025-12-03-13-45,2025-12-03-18-45,2025-12-03-18-55,10
s.a66810e6-6e27-442c-9bb9-a054ec078064.txt,9423,6460,7013,4117,3722,8198,"",1874,"","","","",19129,2025-12-03-12-45,2025-12-03-18-45,2025-12-03-18-53,8
s.98da646d-1473-4321-b73e-0aad61c06b1a.txt,2619,3348,5242,2889,3940,3050,"",64517,"","","","",19459,2025-12-03-12-45,2025-12-03-18-45,2025-12-03-18-55,10
s.2c3d4a64-25bf-49b5-95a1-a04873d6f4fb.txt,4254,13917,9966,5608,4949,36464,"",31173,"","","","",29712,2025-12-03-12-45,2025-12-03-18-45,2025-12-03-18-55,10
s.4306d3c6-8e2b-48bc-8a3b-cd1672587d61.txt,21791,3873,8770,5515,5069,5945,"",3943,"","","","",24708,2025-12-03-12-45,2025-12-03-18-45,2025-12-03-18-52,7
s.c63121ee-b6a1-4267-9e61-51e0131ccf91.txt,5248,796040,26134,12882,7312,11527,"",7324,"","","","",23955,2025-12-03-13-49,2025-12-03-18-49,2025-12-03-19-10,21
s.10b1ca1e-cd2e-435e-a466-f9f1d59082d6.txt,7761,4291,5923,3838,3238,5707,"",18661,"","","","",5090,2025-12-03-12-49,2025-12-03-18-49,2025-12-03-18-56,7
s.f8dde346-708f-4248-9144-32960f5f2676.txt,9468,7199,7060,4057,5245,130168,"",8213,"","","","",241481,2025-12-03-13-49,2025-12-03-18-49,2025-12-03-19-30,41
s.82dcf544-66ea-43ed-8732-6e48ad1d7ba8.txt,6030,6397,7368,16150,6985,14535,"",362138,"","","","",7543,2025-12-03-12-54,2025-12-03-18-54,2025-12-03-19-08,14
s.b49f59d4-f10d-47f8-86c4-0e4cf0f2de2b.txt,11933,38225,6667,11893,6665,11599,"",4456,"","","","",596305,2025-12-03-12-57,2025-12-03-18-57,2025-12-03-19-07,10
s.f5b7068a-08eb-4084-be1d-4dc9441a52d3.txt,4321,2008,2979,1962,4001,118601,"",1377,"","","","",848993,2025-12-03-10-59,2025-12-03-18-59,2025-12-03-19-06,7
s.7a5a0820-7099-40d0-8aac-45cb9b40fdd2.txt,2192,2827,4034,4030,3359,73273,"",143365,"","","","",4561,2025-12-03-10-59,2025-12-03-18-59,2025-12-03-19-08,9
s.3775b25a-6b43-446a-bc4a-2d09ec04a4ab.txt,9877,45079,10898,71916,12191,1796,"",12181,"","","","",81424,2025-12-03-19-07,2025-12-03-19-07,2025-12-03-19-22,15
