participant,prolificID,ishihara1,ishihara2,ishihara3,ishihara4,infoMessage,digitSpanExperiment,break1,flankerArrowsExperiment,digitSpan,flankerEffect,endsurvey,digit_span,FlankerEffect,COUNTRY,CLIENT_start,TIME_start,TIME_end,TIME_total
s.88e8c9e3-7cca-47a2-8b57-d4786331feba.txt,61099df4f8934ee3e99493d5,12,74,6,42,"",rv_digitSpan.2025-12-01-1718.data.88e8c9e3-7cca-47a2-8b57-d4786331feba.txt,"",rv_flankerArrows.2025-12-01-1720.data.88e8c9e3-7cca-47a2-8b57-d4786331feba.txt,"[""7""]","[""12""]","",7,12,2025-12-01-10-14,2025-12-01-17-14,2025-12-01-17-20,6
s.39fa53f7-b72a-4c33-a915-2b3e26fb8e56.txt,67e92dbd9199b830fbecdf2e,12,24,6,42,"",rv_digitSpan.2025-12-01-1720.data.39fa53f7-b72a-4c33-a915-2b3e26fb8e56.txt,"",rv_flankerArrows.2025-12-01-1723.data.39fa53f7-b72a-4c33-a915-2b3e26fb8e56.txt,"[""6""]","[""9""]","",6,9,2025-12-01-12-14,2025-12-01-17-14,2025-12-01-17-23,9
s.1d5a13a5-8b13-423e-a750-fb9b9076f8b6.txt,59e7477e3e4b5a00016aa4d2,12,74,6,42,"",rv_digitSpan.2025-12-01-1721.data.1d5a13a5-8b13-423e-a750-fb9b9076f8b6.txt,"",rv_flankerArrows.2025-12-01-1724.data.1d5a13a5-8b13-423e-a750-fb9b9076f8b6.txt,"[""7""]","[""17""]","",7,17,2025-12-01-12-14,2025-12-01-17-14,2025-12-01-17-24,10
s.677aa343-b2c7-408f-82f3-36ff57298237.txt,58f3760092ac81000154f8af,12,74,6,42,"",rv_digitSpan.2025-12-01-1718.data.677aa343-b2c7-408f-82f3-36ff57298237.txt,"",rv_flankerArrows.2025-12-01-1721.data.677aa343-b2c7-408f-82f3-36ff57298237.txt,"[""9""]","[""15""]","",9,15,2025-12-01-12-14,2025-12-01-17-14,2025-12-01-17-21,7
s.87689bc2-60ac-4a95-91e7-9734d29fb43f.txt,601b9077694f034f0092dd8f,12,74,6,42,"",rv_digitSpan.2025-12-01-1719.data.87689bc2-60ac-4a95-91e7-9734d29fb43f.txt,"",rv_flankerArrows.2025-12-01-1722.data.87689bc2-60ac-4a95-91e7-9734d29fb43f.txt,"[""8""]","[""15""]","",8,15,2025-12-01-10-14,2025-12-01-17-14,2025-12-01-17-22,8
s.a5bb30fa-ac74-44ae-b8e3-f248ebeb081a.txt,667992b506b5fb5504eb23e0,12,71,6,42,"",rv_digitSpan.2025-12-01-1719.data.a5bb30fa-ac74-44ae-b8e3-f248ebeb081a.txt,"",rv_flankerArrows.2025-12-01-1722.data.a5bb30fa-ac74-44ae-b8e3-f248ebeb081a.txt,"[""6""]","[""118""]","",6,118,2025-12-01-09-15,2025-12-01-17-15,2025-12-01-17-22,7
s.3513708b-09d9-4507-b5cd-b120e5502946.txt,6407946a4bb4212372843398,12,74,6,42,"",rv_digitSpan.2025-12-01-1720.data.3513708b-09d9-4507-b5cd-b120e5502946.txt,"",rv_flankerArrows.2025-12-01-1723.data.3513708b-09d9-4507-b5cd-b120e5502946.txt,"[""5""]","[""42""]","",5,42,2025-12-01-12-15,2025-12-01-17-15,2025-12-01-17-23,8
s.13f8e31e-4cf3-4b16-b62e-2502e03a294b.txt,615239af65358edf57e7a095,12,74,8,42,"",rv_digitSpan.2025-12-01-1722.data.13f8e31e-4cf3-4b16-b62e-2502e03a294b.txt,"",rv_flankerArrows.2025-12-01-1726.data.13f8e31e-4cf3-4b16-b62e-2502e03a294b.txt,"[""7""]","[""61""]","",7,61,2025-12-01-12-15,2025-12-01-17-15,2025-12-01-17-26,11
s.7c175dac-9bcc-4d38-bbca-53c28fc11721.txt,5ef3e3c01ece121907ee721a,12,74,6,42,"",rv_digitSpan.2025-12-01-1721.data.7c175dac-9bcc-4d38-bbca-53c28fc11721.txt,"",rv_flankerArrows.2025-12-01-1724.data.7c175dac-9bcc-4d38-bbca-53c28fc11721.txt,"[""7""]","[""23""]","",7,23,2025-12-01-11-15,2025-12-01-17-15,2025-12-01-17-24,9
s.b0bb2085-bcef-4fdd-a52f-21b0182e83cf.txt,5be94f66a169160001dafb9d,12,74,6,42,"",rv_digitSpan.2025-12-01-1737.data.b0bb2085-bcef-4fdd-a52f-21b0182e83cf.txt,"",rv_flankerArrows.2025-12-01-1748.data.b0bb2085-bcef-4fdd-a52f-21b0182e83cf.txt,"[""7""]","[""39""]","",7,39,2025-12-01-12-15,2025-12-01-17-15,2025-12-01-17-48,33
s.c6d73f6d-dc1f-4678-87f2-ce2ae442c826.txt,64d52f62a1f1a7371760fe4f,12,74,6,42,"",rv_digitSpan.2025-12-01-1721.data.c6d73f6d-dc1f-4678-87f2-ce2ae442c826.txt,"",rv_flankerArrows.2025-12-01-1724.data.c6d73f6d-dc1f-4678-87f2-ce2ae442c826.txt,"[""6""]","[""-4""]","",6,-4,2025-12-01-12-15,2025-12-01-17-15,2025-12-01-17-24,9
s.6568bb48-3e86-4f29-a012-7ba0c1b8a843.txt,6779bce01a0c616d0855deb7,12,24,6,42,"",rv_digitSpan.2025-12-01-1721.data.6568bb48-3e86-4f29-a012-7ba0c1b8a843.txt,"",rv_flankerArrows.2025-12-01-1725.data.6568bb48-3e86-4f29-a012-7ba0c1b8a843.txt,"[""5""]","[""-4""]","",5,-4,2025-12-01-09-15,2025-12-01-17-15,2025-12-01-17-25,10
s.1f99bb19-41cc-4307-816f-9b7753e5aaf1.txt,5b91dc16cc81a400017a3438,12,74,6,42,"",rv_digitSpan.2025-12-01-1720.data.1f99bb19-41cc-4307-816f-9b7753e5aaf1.txt,"",rv_flankerArrows.2025-12-01-1724.data.1f99bb19-41cc-4307-816f-9b7753e5aaf1.txt,"[""5""]","[""41""]","",5,41,2025-12-01-12-15,2025-12-01-17-15,2025-12-01-17-24,9
s.d1ce5a4b-5620-4e3c-9a75-2d8a5ca65aac.txt,5df4ed2eae7b303760a9d47c,12,74,6,42,"",rv_digitSpan.2025-12-01-1721.data.d1ce5a4b-5620-4e3c-9a75-2d8a5ca65aac.txt,"",rv_flankerArrows.2025-12-01-1724.data.d1ce5a4b-5620-4e3c-9a75-2d8a5ca65aac.txt,"[""6""]","[""85""]","",6,85,2025-12-01-12-15,2025-12-01-17-15,2025-12-01-17-24,9
s.c3bbe1ee-d0dd-4ff4-a887-b5fbc3ffe27b.txt,6124295c66199c72ceaa9f67,12,71,6,42,"",rv_digitSpan.2025-12-01-1720.data.c3bbe1ee-d0dd-4ff4-a887-b5fbc3ffe27b.txt,"",rv_flankerArrows.2025-12-01-1723.data.c3bbe1ee-d0dd-4ff4-a887-b5fbc3ffe27b.txt,"[""6""]","[""13""]","",6,13,2025-12-01-11-15,2025-12-01-17-15,2025-12-01-17-23,8
s.9c9e8a3d-52e0-459f-b17f-b46456d6aa92.txt,6763911a202c7db0ad8d5790,12,74,6,42,"",rv_digitSpan.2025-12-01-1722.data.9c9e8a3d-52e0-459f-b17f-b46456d6aa92.txt,"",rv_flankerArrows.2025-12-01-1725.data.9c9e8a3d-52e0-459f-b17f-b46456d6aa92.txt,"[""9""]","[""-9""]","",9,-9,2025-12-01-12-15,2025-12-01-17-15,2025-12-01-17-25,10
s.a38f66c3-8260-4411-8d9d-2dad97f5df2b.txt,66240955715b3b45903381ed,12,74,6,42,"",rv_digitSpan.2025-12-01-1720.data.a38f66c3-8260-4411-8d9d-2dad97f5df2b.txt,"",rv_flankerArrows.2025-12-01-1725.data.a38f66c3-8260-4411-8d9d-2dad97f5df2b.txt,"[""5""]","[""18""]","",5,18,2025-12-01-12-15,2025-12-01-17-15,2025-12-01-17-25,10
s.47dd69d4-76e3-44b3-baf6-d93a8e4ae941.txt,597fe89a1b41a20001749f57,12,74,6,42,"",rv_digitSpan.2025-12-01-1719.data.47dd69d4-76e3-44b3-baf6-d93a8e4ae941.txt,"",rv_flankerArrows.2025-12-01-1722.data.47dd69d4-76e3-44b3-baf6-d93a8e4ae941.txt,"[""6""]","[""36""]","",6,36,2025-12-01-12-15,2025-12-01-17-15,2025-12-01-17-22,7
s.7ae0f83f-1356-4fbe-9412-1b7e1c8cba35.txt,5a937cb0dbdb470001ee923b,12,74,6,42,"",rv_digitSpan.2025-12-01-1721.data.7ae0f83f-1356-4fbe-9412-1b7e1c8cba35.txt,"",rv_flankerArrows.2025-12-01-1723.data.7ae0f83f-1356-4fbe-9412-1b7e1c8cba35.txt,"[""8""]","[""-14""]","",8,-14,2025-12-01-09-15,2025-12-01-17-15,2025-12-01-17-23,8
s.28c17ec7-d288-4f3f-88b2-c2328b530319.txt,6621a2f38453311275d17d65,12,74,6,42,"",rv_digitSpan.2025-12-01-1721.data.28c17ec7-d288-4f3f-88b2-c2328b530319.txt,"",rv_flankerArrows.2025-12-01-1724.data.28c17ec7-d288-4f3f-88b2-c2328b530319.txt,"[""7""]","[""57""]","",7,57,2025-12-01-10-15,2025-12-01-17-15,2025-12-01-17-24,9
s.9f7bbfd8-c4e8-4b83-a274-9f8ac9e2c755.txt,5a51ba7676d1c60001aaa660,12,74,6,42,"",rv_digitSpan.2025-12-01-1720.data.9f7bbfd8-c4e8-4b83-a274-9f8ac9e2c755.txt,"",rv_flankerArrows.2025-12-01-1722.data.9f7bbfd8-c4e8-4b83-a274-9f8ac9e2c755.txt,"[""6""]","[""45""]","",6,45,2025-12-01-12-16,2025-12-01-17-16,2025-12-01-17-22,6
s.79c291ac-777f-4965-8207-01dcdb2ea4ef.txt,67919517904684e49fc1556b,12,74,6,42,"",rv_digitSpan.2025-12-01-1723.data.79c291ac-777f-4965-8207-01dcdb2ea4ef.txt,"",rv_flankerArrows.2025-12-01-1726.data.79c291ac-777f-4965-8207-01dcdb2ea4ef.txt,"[""9""]","[""-58""]","",9,-58,2025-12-01-12-16,2025-12-01-17-16,2025-12-01-17-26,10
s.16e13599-0531-4735-9d34-12c074f57689.txt,5fbb89e20ddd50a66ab62a67,12,74,6,42,"",rv_digitSpan.2025-12-01-1722.data.16e13599-0531-4735-9d34-12c074f57689.txt,"",rv_flankerArrows.2025-12-01-1725.data.16e13599-0531-4735-9d34-12c074f57689.txt,"[""9""]","[""-61""]","",9,-61,2025-12-01-11-16,2025-12-01-17-16,2025-12-01-17-25,9
s.c3a883f9-f77e-4a45-89b5-78cb2764ba7b.txt,614f571879ee135c5a579e08,12,74,6,42,"",rv_digitSpan.2025-12-01-1727.data.c3a883f9-f77e-4a45-89b5-78cb2764ba7b.txt,"",rv_flankerArrows.2025-12-01-1730.data.c3a883f9-f77e-4a45-89b5-78cb2764ba7b.txt,"[""8""]","[""35""]","",8,35,2025-12-01-12-16,2025-12-01-17-16,2025-12-01-17-30,14
s.61b60732-4058-4049-ace8-8189efde3a21.txt,6667a6558073abc1cd0e6daf,12,74,6,42,"",rv_digitSpan.2025-12-01-1721.data.61b60732-4058-4049-ace8-8189efde3a21.txt,"",rv_flankerArrows.2025-12-01-1724.data.61b60732-4058-4049-ace8-8189efde3a21.txt,"[""9""]","[""25""]","",9,25,2025-12-01-12-16,2025-12-01-17-16,2025-12-01-17-24,8
s.c66936c0-6424-4894-8cca-6b8b2acc9d04.txt,67aae2b5797af1e296927d2a,12,74,6,42,"",rv_digitSpan.2025-12-01-1726.data.c66936c0-6424-4894-8cca-6b8b2acc9d04.txt,"",rv_flankerArrows.2025-12-01-1729.data.c66936c0-6424-4894-8cca-6b8b2acc9d04.txt,"[""6""]","[""46""]","",6,46,2025-12-01-11-16,2025-12-01-17-16,2025-12-01-17-29,13
s.046ee457-82d3-4a69-be99-234640a68b55.txt,5d951ede9b6f880018f63b6e,12,74,6,42,"",rv_digitSpan.2025-12-01-1719.data.046ee457-82d3-4a69-be99-234640a68b55.txt,"",rv_flankerArrows.2025-12-01-1722.data.046ee457-82d3-4a69-be99-234640a68b55.txt,"[""5""]","[""12""]","",5,12,2025-12-01-12-17,2025-12-01-17-17,2025-12-01-17-22,5
s.4e50c2d3-e89d-4121-b215-054579d4c522.txt,66293da691cec8862619b1dc,12,74,6,42,"",rv_digitSpan.2025-12-01-1722.data.4e50c2d3-e89d-4121-b215-054579d4c522.txt,"",rv_flankerArrows.2025-12-01-1725.data.4e50c2d3-e89d-4121-b215-054579d4c522.txt,"[""8""]","[""84""]","",8,84,2025-12-01-11-17,2025-12-01-17-17,2025-12-01-17-25,8
s.28f0ef57-f60e-4788-b647-2f6b12c7aa52.txt,671182e627376ae4714d3594,12,74,6,42,"",rv_digitSpan.2025-12-01-1721.data.28f0ef57-f60e-4788-b647-2f6b12c7aa52.txt,"",rv_flankerArrows.2025-12-01-1726.data.28f0ef57-f60e-4788-b647-2f6b12c7aa52.txt,"[""6""]","[""-16""]","",6,-16,2025-12-01-12-17,2025-12-01-17-17,2025-12-01-17-26,9
s.33515f80-0e3f-4495-b9c3-4f53a510b91f.txt,5eac686d82cc012af1e953c7,12,74,6,42,"",rv_digitSpan.2025-12-01-1723.data.33515f80-0e3f-4495-b9c3-4f53a510b91f.txt,"",rv_flankerArrows.2025-12-01-1726.data.33515f80-0e3f-4495-b9c3-4f53a510b91f.txt,"[""8""]","[""8""]","",8,8,2025-12-01-12-17,2025-12-01-17-17,2025-12-01-17-26,9
s.30571211-03f4-4764-8377-02d2dae1e2dd.txt,60a2a8570a0f9cc00d6b9d1a,12,74,6,42,"",rv_digitSpan.2025-12-01-1722.data.30571211-03f4-4764-8377-02d2dae1e2dd.txt,"",rv_flankerArrows.2025-12-01-1725.data.30571211-03f4-4764-8377-02d2dae1e2dd.txt,"[""8""]","[""16""]","",8,16,2025-12-01-11-17,2025-12-01-17-17,2025-12-01-17-25,8
s.8657a573-f690-4acd-b7e7-4743305dce8a.txt,66323f16b05df4403391861c,12,74,6,42,"",rv_digitSpan.2025-12-01-1722.data.8657a573-f690-4acd-b7e7-4743305dce8a.txt,"",rv_flankerArrows.2025-12-01-1725.data.8657a573-f690-4acd-b7e7-4743305dce8a.txt,"[""8""]","[""50""]","",8,50,2025-12-01-11-17,2025-12-01-17-17,2025-12-01-17-25,8
s.a3cbd902-1925-492e-b6a5-fbda1743f3a7.txt,646792a49a85f35e7a7f5169,12,71,6,42,"",rv_digitSpan.2025-12-01-1723.data.a3cbd902-1925-492e-b6a5-fbda1743f3a7.txt,"",rv_flankerArrows.2025-12-01-1726.data.a3cbd902-1925-492e-b6a5-fbda1743f3a7.txt,"[""8""]","[""9""]","",8,9,2025-12-01-11-17,2025-12-01-17-17,2025-12-01-17-26,9
s.2948d978-0ba0-4596-b1c8-96644d686135.txt,668d3b9862f5a356423ded45,12,74,6,42,"",rv_digitSpan.2025-12-01-1724.data.2948d978-0ba0-4596-b1c8-96644d686135.txt,"",rv_flankerArrows.2025-12-01-1726.data.2948d978-0ba0-4596-b1c8-96644d686135.txt,"[""8""]","[""13""]","",8,13,2025-12-01-12-17,2025-12-01-17-17,2025-12-01-17-26,9
s.9b05f88c-06b5-48ce-bfea-ac7dc8f03379.txt,628f7e982aad1788d940317a,12,74,6,42,"",rv_digitSpan.2025-12-01-1724.data.9b05f88c-06b5-48ce-bfea-ac7dc8f03379.txt,"",rv_flankerArrows.2025-12-01-1727.data.9b05f88c-06b5-48ce-bfea-ac7dc8f03379.txt,"[""7""]","[""34""]","",7,34,2025-12-01-11-17,2025-12-01-17-17,2025-12-01-17-27,10
s.e590e264-45ad-465d-bc6f-c78f14d8ee16.txt,671912820d4a64051a764936,12,74,6,42,"",rv_digitSpan.2025-12-01-1721.data.e590e264-45ad-465d-bc6f-c78f14d8ee16.txt,"",rv_flankerArrows.2025-12-01-1724.data.e590e264-45ad-465d-bc6f-c78f14d8ee16.txt,"[""4""]","[""18""]","",4,18,2025-12-01-11-17,2025-12-01-17-17,2025-12-01-17-24,7
s.83132d5f-32c3-421d-b4ec-cba7b68db7d1.txt,660c498fe2029b300dc010af,12,74,6,42,"",rv_digitSpan.2025-12-01-1723.data.83132d5f-32c3-421d-b4ec-cba7b68db7d1.txt,"",rv_flankerArrows.2025-12-01-1727.data.83132d5f-32c3-421d-b4ec-cba7b68db7d1.txt,"[""6""]","[""-1""]","",6,-1,2025-12-01-12-17,2025-12-01-17-18,2025-12-01-17-27,9
s.a6dcc069-aa98-4d09-bbb7-43b28c0a28aa.txt,5fb16308dc5973607fa3041c,12,71,6,42,"",rv_digitSpan.2025-12-01-1723.data.a6dcc069-aa98-4d09-bbb7-43b28c0a28aa.txt,"",rv_flankerArrows.2025-12-01-1726.data.a6dcc069-aa98-4d09-bbb7-43b28c0a28aa.txt,"[""5""]","[""1""]","",5,1,2025-12-01-12-18,2025-12-01-17-18,2025-12-01-17-26,8
s.f29b0a5e-ba74-4525-9333-9e667da5ded1.txt,672174bca3dce21ef0da582e,12,74,8,42,"",rv_digitSpan.2025-12-01-1722.data.f29b0a5e-ba74-4525-9333-9e667da5ded1.txt,"",rv_flankerArrows.2025-12-01-1725.data.f29b0a5e-ba74-4525-9333-9e667da5ded1.txt,"[""6""]","[""32""]","",6,32,2025-12-01-09-18,2025-12-01-17-18,2025-12-01-17-25,7
s.b78776f0-efec-4dd8-b014-0c64fafcfa3c.txt,62d133496cf7f774b8bf98a0,12,74,6,42,"",rv_digitSpan.2025-12-01-1729.data.b78776f0-efec-4dd8-b014-0c64fafcfa3c.txt,"",rv_flankerArrows.2025-12-01-1733.data.b78776f0-efec-4dd8-b014-0c64fafcfa3c.txt,"[""9""]","[""17""]","",9,17,2025-12-01-12-18,2025-12-01-17-18,2025-12-01-17-33,15
s.d9235a7d-3f14-48a8-ac10-0ef2889518ba.txt,67101014b833fd5fb2bfb9bd,12,74,6,42,"",rv_digitSpan.2025-12-01-1723.data.d9235a7d-3f14-48a8-ac10-0ef2889518ba.txt,"",rv_flankerArrows.2025-12-01-1726.data.d9235a7d-3f14-48a8-ac10-0ef2889518ba.txt,"[""5""]","[""-12""]","",5,-12,2025-12-01-12-19,2025-12-01-17-19,2025-12-01-17-26,7
s.c868380b-dc90-45d1-8678-7b3d5b0ab290.txt,67d1f22e4a4e2154f7069121,12,74,6,42,"",rv_digitSpan.2025-12-01-1730.data.c868380b-dc90-45d1-8678-7b3d5b0ab290.txt,"",rv_flankerArrows.2025-12-01-1733.data.c868380b-dc90-45d1-8678-7b3d5b0ab290.txt,"[""7""]","[""-3""]","",7,-3,2025-12-01-12-19,2025-12-01-17-19,2025-12-01-17-33,14
s.ebec2a57-9b81-4667-8354-c1c793fcafb5.txt,60833ce5197d68cff9df1b83,12,74,6,42,"",rv_digitSpan.2025-12-01-1724.data.ebec2a57-9b81-4667-8354-c1c793fcafb5.txt,"",rv_flankerArrows.2025-12-01-1727.data.ebec2a57-9b81-4667-8354-c1c793fcafb5.txt,"[""7""]","[""29""]","",7,29,2025-12-01-12-19,2025-12-01-17-19,2025-12-01-17-27,8
s.bee4315f-b5c0-4b14-9ecb-b5d90e5894a0.txt,67ed9a852acc297ce08a0b83,12,74,6,42,"",rv_digitSpan.2025-12-01-1726.data.bee4315f-b5c0-4b14-9ecb-b5d90e5894a0.txt,"",rv_flankerArrows.2025-12-01-1729.data.bee4315f-b5c0-4b14-9ecb-b5d90e5894a0.txt,"[""5""]","[""43""]","",5,43,2025-12-01-12-19,2025-12-01-17-19,2025-12-01-17-29,10
s.dc723d86-9075-452a-8c68-fcb2d42cc67f.txt,62fbeca46caf4abaaf74b5f1,12,74,6,42,"",rv_digitSpan.2025-12-01-1727.data.dc723d86-9075-452a-8c68-fcb2d42cc67f.txt,"",rv_flankerArrows.2025-12-01-1729.data.dc723d86-9075-452a-8c68-fcb2d42cc67f.txt,"[""7""]","[""33""]","",7,33,2025-12-01-12-19,2025-12-01-17-19,2025-12-01-17-29,10
s.cae4b76e-f340-4038-aef9-a6b9aaa09eb0.txt,676ca3da9773676ad989ef10,12,74,6,42,"",rv_digitSpan.2025-12-01-1723.data.cae4b76e-f340-4038-aef9-a6b9aaa09eb0.txt,"",rv_flankerArrows.2025-12-01-1726.data.cae4b76e-f340-4038-aef9-a6b9aaa09eb0.txt,"[""6""]","[""23""]","",6,23,2025-12-01-11-19,2025-12-01-17-19,2025-12-01-17-26,7
s.f94d4cb5-bc39-4e3a-a0d3-a96fb2fecd50.txt,5b5a822e1ad8270001c4f28d,12,74,6,42,"",rv_digitSpan.2025-12-01-1722.data.f94d4cb5-bc39-4e3a-a0d3-a96fb2fecd50.txt,"",rv_flankerArrows.2025-12-01-1734.data.f94d4cb5-bc39-4e3a-a0d3-a96fb2fecd50.txt,"[""5""]","[""184""]","",5,184,2025-12-01-09-19,2025-12-01-17-19,2025-12-01-17-34,15
s.5457f5ed-4643-4f2d-bde6-0ef56c470b0b.txt,67325d10b9e0c58d803cd7ba,12,74,6,42,"",rv_digitSpan.2025-12-01-1723.data.5457f5ed-4643-4f2d-bde6-0ef56c470b0b.txt,"",rv_flankerArrows.2025-12-01-1726.data.5457f5ed-4643-4f2d-bde6-0ef56c470b0b.txt,"[""7""]","[""22""]","",7,22,2025-12-01-09-19,2025-12-01-17-19,2025-12-01-17-26,7
s.dec61591-cc3b-49ee-829c-8243454f0696.txt,59f226a9d6380600018b2923,12,74,6,42,"",rv_digitSpan.2025-12-01-1725.data.dec61591-cc3b-49ee-829c-8243454f0696.txt,"",rv_flankerArrows.2025-12-01-1728.data.dec61591-cc3b-49ee-829c-8243454f0696.txt,"[""6""]","[""47""]","",6,47,2025-12-01-09-19,2025-12-01-17-19,2025-12-01-17-28,9
s.5f498c2c-c87c-443a-82cb-b1c3d37aac5a.txt,63d71e67dd0fcccd3cc745b0,12,74,6,42,"",rv_digitSpan.2025-12-01-1723.data.5f498c2c-c87c-443a-82cb-b1c3d37aac5a.txt,"",rv_flankerArrows.2025-12-01-1726.data.5f498c2c-c87c-443a-82cb-b1c3d37aac5a.txt,"[""6""]","[""33""]","",6,33,2025-12-01-11-19,2025-12-01-17-19,2025-12-01-17-26,7
s.078b10b0-b1b5-4521-8ea4-da6ef090c6bc.txt,611bed11fa6a3b35c9226c29,12,74,6,42,"",rv_digitSpan.2025-12-01-1728.data.078b10b0-b1b5-4521-8ea4-da6ef090c6bc.txt,"",rv_flankerArrows.2025-12-01-1732.data.078b10b0-b1b5-4521-8ea4-da6ef090c6bc.txt,"[""8""]","[""-18""]","",8,-18,2025-12-01-09-19,2025-12-01-17-19,2025-12-01-17-32,13
s.fd671ad3-9ba5-4b32-982d-2b2d7b6916a0.txt,62694f79608ed29b7af936b1,12,71,6,42,"",rv_digitSpan.2025-12-01-1725.data.fd671ad3-9ba5-4b32-982d-2b2d7b6916a0.txt,"",rv_flankerArrows.2025-12-01-1732.data.fd671ad3-9ba5-4b32-982d-2b2d7b6916a0.txt,"[""7""]","[""-31""]","",7,-31,2025-12-01-12-19,2025-12-01-17-19,2025-12-01-17-32,13
s.bf2102f2-c7ad-4f51-9cc1-b146f3803b22.txt,5dddb4071e70dad3885f1601,12,74,6,42,"",rv_digitSpan.2025-12-01-1725.data.bf2102f2-c7ad-4f51-9cc1-b146f3803b22.txt,"",rv_flankerArrows.2025-12-01-1728.data.bf2102f2-c7ad-4f51-9cc1-b146f3803b22.txt,"[""8""]","[""32""]","",8,32,2025-12-01-12-20,2025-12-01-17-20,2025-12-01-17-28,8
s.5bc2092b-a7f5-425d-939b-2aba2f4cf651.txt,68474cc30bedb8b982a92c8b,12,74,6,42,"",rv_digitSpan.2025-12-01-1728.data.5bc2092b-a7f5-425d-939b-2aba2f4cf651.txt,"",rv_flankerArrows.2025-12-01-1733.data.5bc2092b-a7f5-425d-939b-2aba2f4cf651.txt,"[""6""]","[""140""]","",6,140,2025-12-01-12-20,2025-12-01-17-20,2025-12-01-17-33,13
s.1fa49eaf-89c0-4fb0-8399-8e8ca5162276.txt,66ccbb7d4109382e498e3c82,12,74,6,42,"",rv_digitSpan.2025-12-01-1726.data.1fa49eaf-89c0-4fb0-8399-8e8ca5162276.txt,"",rv_flankerArrows.2025-12-01-1730.data.1fa49eaf-89c0-4fb0-8399-8e8ca5162276.txt,"[""8""]","[""22""]","",8,22,2025-12-01-12-20,2025-12-01-17-20,2025-12-01-17-30,10
s.d4729de1-fdfc-405e-ae97-49dc5cba4e35.txt,65e2240ceb2b1fd974ef01b3,12,74,6,42,"",rv_digitSpan.2025-12-01-1726.data.d4729de1-fdfc-405e-ae97-49dc5cba4e35.txt,"",rv_flankerArrows.2025-12-01-1729.data.d4729de1-fdfc-405e-ae97-49dc5cba4e35.txt,"[""7""]","[""1""]","",7,1,2025-12-01-11-20,2025-12-01-17-20,2025-12-01-17-29,9
s.1cc0034b-5193-413d-9586-be797a44b980.txt,5ebe14249a676b1650b48531,12,74,6,42,"",rv_digitSpan.2025-12-01-1753.data.1cc0034b-5193-413d-9586-be797a44b980.txt,"",rv_flankerArrows.2025-12-01-1800.data.1cc0034b-5193-413d-9586-be797a44b980.txt,"[""6""]","[""17""]","",6,17,2025-12-01-11-20,2025-12-01-17-20,2025-12-01-18-00,40
s.18c45c4b-207b-4b16-8943-7c9f41d58215.txt,5c40e28ffe87360001a5677e,12,74,6,42,"",rv_digitSpan.2025-12-01-1728.data.18c45c4b-207b-4b16-8943-7c9f41d58215.txt,"",rv_flankerArrows.2025-12-01-1733.data.18c45c4b-207b-4b16-8943-7c9f41d58215.txt,"[""5""]","[""-28""]","",5,-28,2025-12-01-11-20,2025-12-01-17-20,2025-12-01-17-33,13
s.53f8a2d3-1d75-4a16-a4a5-0a93bc672aac.txt,6764cce7a10cc8e279651a57,12,24,6,42,"",rv_digitSpan.2025-12-01-1728.data.53f8a2d3-1d75-4a16-a4a5-0a93bc672aac.txt,"",rv_flankerArrows.2025-12-01-1731.data.53f8a2d3-1d75-4a16-a4a5-0a93bc672aac.txt,"[""3""]","[""12""]","",3,12,2025-12-01-11-20,2025-12-01-17-20,2025-12-01-17-31,11
s.119722e6-4d03-418a-b08f-5fd325f7627f.txt,65c14be50ad597a9eb201591,12,71,6,42,"",rv_digitSpan.2025-12-01-1728.data.119722e6-4d03-418a-b08f-5fd325f7627f.txt,"",rv_flankerArrows.2025-12-01-1731.data.119722e6-4d03-418a-b08f-5fd325f7627f.txt,"[""6""]","[""78""]","",6,78,2025-12-01-12-21,2025-12-01-17-21,2025-12-01-17-31,10
s.1ee36b0f-ba18-4659-b647-ba4c6f9e3117.txt,55ecd6ff748092000daa9f5f,12,74,6,42,"",rv_digitSpan.2025-12-01-1724.data.1ee36b0f-ba18-4659-b647-ba4c6f9e3117.txt,"",rv_flankerArrows.2025-12-01-1726.data.1ee36b0f-ba18-4659-b647-ba4c6f9e3117.txt,"[""5""]","[""19""]","",5,19,2025-12-01-11-21,2025-12-01-17-21,2025-12-01-17-26,5
s.3a7e1cf7-f62e-453d-ac61-9c5aa732b55c.txt,5815767b0643a600016f0e72,12,74,6,42,"",rv_digitSpan.2025-12-01-1728.data.3a7e1cf7-f62e-453d-ac61-9c5aa732b55c.txt,"",rv_flankerArrows.2025-12-01-1730.data.3a7e1cf7-f62e-453d-ac61-9c5aa732b55c.txt,"[""6""]","[""80""]","",6,80,2025-12-01-12-21,2025-12-01-17-21,2025-12-01-17-30,9
s.7e965a4e-1157-4d88-8248-7168a6046673.txt,67a7e69b82119112d04041fd,12,74,6,42,"",rv_digitSpan.2025-12-01-1728.data.7e965a4e-1157-4d88-8248-7168a6046673.txt,"",rv_flankerArrows.2025-12-01-1731.data.7e965a4e-1157-4d88-8248-7168a6046673.txt,"[""6""]","[""3""]","",6,3,2025-12-01-09-23,2025-12-01-17-22,2025-12-01-17-31,9
s.bc3902c2-ad33-4607-b470-155397641026.txt,63251e479509813fab713ad2,12,71,6,42,"",rv_digitSpan.2025-12-01-1729.data.bc3902c2-ad33-4607-b470-155397641026.txt,"",rv_flankerArrows.2025-12-01-1734.data.bc3902c2-ad33-4607-b470-155397641026.txt,"[""4""]","[""76""]","",4,76,2025-12-01-09-22,2025-12-01-17-22,2025-12-01-17-34,12
s.9133288e-b6d2-4f0b-8d17-184d41f37f33.txt,65a7027c88eae2b9a68ae596,12,74,6,42,"",rv_digitSpan.2025-12-01-1730.data.9133288e-b6d2-4f0b-8d17-184d41f37f33.txt,"",rv_flankerArrows.2025-12-01-1735.data.9133288e-b6d2-4f0b-8d17-184d41f37f33.txt,"[""9""]","[""10""]","",9,10,2025-12-01-12-22,2025-12-01-17-22,2025-12-01-17-35,13
s.90da3f0b-b9ec-42a0-b4c6-0c17a8628a65.txt,67cb97aa66285604188d577a,12,74,6,42,"",rv_digitSpan.2025-12-01-1731.data.90da3f0b-b9ec-42a0-b4c6-0c17a8628a65.txt,"",rv_flankerArrows.2025-12-01-1734.data.90da3f0b-b9ec-42a0-b4c6-0c17a8628a65.txt,"[""9""]","[""3""]","",9,3,2025-12-01-11-22,2025-12-01-17-22,2025-12-01-17-34,12
s.a5b5d62e-4dd4-4df2-9858-c1938eb0bf13.txt,5fb08ec5ddc19949a58f5a4f,12,74,6,42,"",rv_digitSpan.2025-12-01-1729.data.a5b5d62e-4dd4-4df2-9858-c1938eb0bf13.txt,"",rv_flankerArrows.2025-12-01-1732.data.a5b5d62e-4dd4-4df2-9858-c1938eb0bf13.txt,"[""6""]","[""-15""]","",6,-15,2025-12-01-11-23,2025-12-01-17-23,2025-12-01-17-32,9
s.e7a6ea1b-7b7a-43e3-a468-5baf30b17e3e.txt,67ace3fc5892a4d45463156b,12,71,6,42,"",rv_digitSpan.2025-12-01-1730.data.e7a6ea1b-7b7a-43e3-a468-5baf30b17e3e.txt,"",rv_flankerArrows.2025-12-01-1732.data.e7a6ea1b-7b7a-43e3-a468-5baf30b17e3e.txt,"[""9""]","[""3""]","",9,3,2025-12-01-10-23,2025-12-01-17-23,2025-12-01-17-32,9
s.2b4252e2-fb7f-4feb-9a5e-6e7a8c455d80.txt,6631dd70c1393b01137d8453,12,71,6,42,"",rv_digitSpan.2025-12-01-1732.data.2b4252e2-fb7f-4feb-9a5e-6e7a8c455d80.txt,"",rv_flankerArrows.2025-12-01-1737.data.2b4252e2-fb7f-4feb-9a5e-6e7a8c455d80.txt,"[""8""]","[""63""]","",8,63,2025-12-01-09-24,2025-12-01-17-24,2025-12-01-17-37,13
s.6296ebb9-bee0-4aa6-ba15-26196cf11a4f.txt,6266aa7132e3a5bf1631ac1b,12,74,6,42,"",rv_digitSpan.2025-12-01-1728.data.6296ebb9-bee0-4aa6-ba15-26196cf11a4f.txt,"",rv_flankerArrows.2025-12-01-1731.data.6296ebb9-bee0-4aa6-ba15-26196cf11a4f.txt,"[""5""]","[""-27""]","",5,-27,2025-12-01-11-24,2025-12-01-17-24,2025-12-01-17-31,7
s.f01a9c8c-b03b-42af-a0f0-8404b9563c6c.txt,67eb5332af03cf75862d5e87,12,74,6,42,"",rv_digitSpan.2025-12-01-1732.data.f01a9c8c-b03b-42af-a0f0-8404b9563c6c.txt,"",rv_flankerArrows.2025-12-01-1736.data.f01a9c8c-b03b-42af-a0f0-8404b9563c6c.txt,"[""8""]","[""13""]","",8,13,2025-12-01-12-24,2025-12-01-17-24,2025-12-01-17-36,12
s.b98192f9-835d-4f70-9386-e9832513514b.txt,5c37aa8b832a8400010983b3,12,24,8,43,"",rv_digitSpan.2025-12-01-1729.data.b98192f9-835d-4f70-9386-e9832513514b.txt,"",rv_flankerArrows.2025-12-01-1732.data.b98192f9-835d-4f70-9386-e9832513514b.txt,"[""5""]","[""52""]","",5,52,2025-12-01-11-24,2025-12-01-17-24,2025-12-01-17-32,8
s.7e40d96c-531f-481a-aa26-35e4ee11ff11.txt,684a12ce6791bc422c72abbb,12,74,6,42,"",rv_digitSpan.2025-12-01-1734.data.7e40d96c-531f-481a-aa26-35e4ee11ff11.txt,"",rv_flankerArrows.2025-12-01-1738.data.7e40d96c-531f-481a-aa26-35e4ee11ff11.txt,"[""5""]","[""-7""]","",5,-7,2025-12-01-12-24,2025-12-01-17-24,2025-12-01-17-38,14
s.8f66c45c-a4e1-42fa-968a-5f14a76b008d.txt,62349dcdec7c3f8e7e1bc90b,12,74,6,42,"",rv_digitSpan.2025-12-01-1728.data.8f66c45c-a4e1-42fa-968a-5f14a76b008d.txt,"",rv_flankerArrows.2025-12-01-1731.data.8f66c45c-a4e1-42fa-968a-5f14a76b008d.txt,"[""5""]","[""29""]","",5,29,2025-12-01-12-24,2025-12-01-17-24,2025-12-01-17-31,7
s.cf692281-6754-43c4-ba58-81cded1d7715.txt,631b66847990076d05887914,12,84,8,42,"",rv_digitSpan.2025-12-01-1740.data.cf692281-6754-43c4-ba58-81cded1d7715.txt,"",rv_flankerArrows.2025-12-01-1743.data.cf692281-6754-43c4-ba58-81cded1d7715.txt,"[""9""]","[""5""]","",9,5,2025-12-01-09-24,2025-12-01-17-24,2025-12-01-17-43,19
s.939f33a8-bbf4-48ad-8058-8f21ba6427fa.txt,65e4b150feb15ebecb2fe5e8,12,74,6,42,"",rv_digitSpan.2025-12-01-1731.data.939f33a8-bbf4-48ad-8058-8f21ba6427fa.txt,"",rv_flankerArrows.2025-12-01-1734.data.939f33a8-bbf4-48ad-8058-8f21ba6427fa.txt,"[""9""]","[""31""]","",9,31,2025-12-01-09-24,2025-12-01-17-24,2025-12-01-17-34,10
s.9f5edbff-66db-4c00-bb05-b3207ad3e1f2.txt,67d5e3d6a8a6bc7b6665a542,12,21,6,42,"",rv_digitSpan.2025-12-01-1732.data.9f5edbff-66db-4c00-bb05-b3207ad3e1f2.txt,"",rv_flankerArrows.2025-12-01-1735.data.9f5edbff-66db-4c00-bb05-b3207ad3e1f2.txt,"[""8""]","[""24""]","",8,24,2025-12-01-12-24,2025-12-01-17-24,2025-12-01-17-35,11
s.96fa408b-4011-47b6-b41e-dc666942f447.txt,655f95e3f23f40d0d9613730,12,74,6,42,"",rv_digitSpan.2025-12-01-1729.data.96fa408b-4011-47b6-b41e-dc666942f447.txt,"",rv_flankerArrows.2025-12-01-1732.data.96fa408b-4011-47b6-b41e-dc666942f447.txt,"[""5""]","[""11""]","",5,11,2025-12-01-12-25,2025-12-01-17-25,2025-12-01-17-32,7
s.24c7c222-a622-4f98-92b5-ec0f3b2684a0.txt,66b2a6152d3083bbaccd3431,12,71,6,42,"",rv_digitSpan.2025-12-01-1729.data.24c7c222-a622-4f98-92b5-ec0f3b2684a0.txt,"",rv_flankerArrows.2025-12-01-1735.data.24c7c222-a622-4f98-92b5-ec0f3b2684a0.txt,"[""6""]","[""-61""]","",6,-61,2025-12-01-11-25,2025-12-01-17-25,2025-12-01-17-35,10
s.b0fd8836-507e-41a0-85b7-bb975297dd9c.txt,6660993c21d954cc7c6dfa3a,12,74,6,42,"",rv_digitSpan.2025-12-01-1730.data.b0fd8836-507e-41a0-85b7-bb975297dd9c.txt,"",rv_flankerArrows.2025-12-01-1733.data.b0fd8836-507e-41a0-85b7-bb975297dd9c.txt,"[""8""]","[""30""]","",8,30,2025-12-01-12-25,2025-12-01-17-25,2025-12-01-17-33,8
s.4b782d07-0e41-470a-a2db-02aed786367c.txt,5be8a1701664db0001d804f8,12,74,6,42,"",rv_digitSpan.2025-12-01-1731.data.4b782d07-0e41-470a-a2db-02aed786367c.txt,"",rv_flankerArrows.2025-12-01-1739.data.4b782d07-0e41-470a-a2db-02aed786367c.txt,"[""8""]","[""-20""]","",8,-20,2025-12-01-11-26,2025-12-01-17-26,2025-12-01-17-39,13
s.14960adb-204f-44b2-a4c8-e67609fba7dc.txt,671ce7ade7a5cd2edc847b94,12,24,6,42,"",rv_digitSpan.2025-12-01-1742.data.14960adb-204f-44b2-a4c8-e67609fba7dc.txt,"",rv_flankerArrows.2025-12-01-1746.data.14960adb-204f-44b2-a4c8-e67609fba7dc.txt,"[""9""]","[""52""]","",9,52,2025-12-01-11-26,2025-12-01-17-26,2025-12-01-17-46,20
s.46d6a0b1-7bdc-498f-a73f-5050b49ed6a6.txt,6510b799ca6f903d2d4c2d2c,12,74,6,42,"",rv_digitSpan.2025-12-01-1731.data.46d6a0b1-7bdc-498f-a73f-5050b49ed6a6.txt,"",rv_flankerArrows.2025-12-01-1735.data.46d6a0b1-7bdc-498f-a73f-5050b49ed6a6.txt,"[""5""]","[""47""]","",5,47,2025-12-01-12-26,2025-12-01-17-26,2025-12-01-17-35,9
s.f7116329-284b-4931-8ab5-019ad112cbff.txt,629669ab8371b1bb06603a78,12,74,6,42,"",rv_digitSpan.2025-12-01-1733.data.f7116329-284b-4931-8ab5-019ad112cbff.txt,"",rv_flankerArrows.2025-12-01-1736.data.f7116329-284b-4931-8ab5-019ad112cbff.txt,"[""8""]","[""47""]","",8,47,2025-12-01-12-27,2025-12-01-17-27,2025-12-01-17-36,9
s.2469eade-59f8-43a6-a15d-f32fcd6a33bd.txt,6696dcdd685b78a4a5f3efcf,12,71,6,42,"",rv_digitSpan.2025-12-01-1733.data.2469eade-59f8-43a6-a15d-f32fcd6a33bd.txt,"",rv_flankerArrows.2025-12-01-1737.data.2469eade-59f8-43a6-a15d-f32fcd6a33bd.txt,"[""6""]","[""61""]","",6,61,2025-12-01-11-27,2025-12-01-17-27,2025-12-01-17-37,10
s.7470596e-1067-4183-9b4b-dd509a6aa655.txt,612bb0cdecc9e45781bbf511,12,31,8,43,"",rv_digitSpan.2025-12-01-1731.data.7470596e-1067-4183-9b4b-dd509a6aa655.txt,"",rv_flankerArrows.2025-12-01-1733.data.7470596e-1067-4183-9b4b-dd509a6aa655.txt,"[""6""]","[""9""]","",6,9,2025-12-01-11-27,2025-12-01-17-27,2025-12-01-17-33,6
s.b1979eb9-8dc2-4fe6-929f-b1c2b6ea4665.txt,60a2a8570a0f9cc00d6b9d1a,12,74,6,42,"",rv_digitSpan.2025-12-01-1733.data.b1979eb9-8dc2-4fe6-929f-b1c2b6ea4665.txt,"",rv_flankerArrows.2025-12-01-1735.data.b1979eb9-8dc2-4fe6-929f-b1c2b6ea4665.txt,"[""8""]","[""57""]","",8,57,2025-12-01-11-28,2025-12-01-17-28,2025-12-01-17-35,7
s.8f710d27-ecac-423a-9f86-47568a979873.txt,60ff33eea57872b7188f12e2,12,"",6,42,"",rv_digitSpan.2025-12-01-1733.data.8f710d27-ecac-423a-9f86-47568a979873.txt,"",rv_flankerArrows.2025-12-01-1736.data.8f710d27-ecac-423a-9f86-47568a979873.txt,"[""6""]","[""16""]","",6,16,2025-12-01-11-28,2025-12-01-17-28,2025-12-01-17-36,8
s.3bb84030-c026-407c-a6e9-e117dd1b9147.txt,63d7b81d79044b73bfb50952,12,74,6,42,"",rv_digitSpan.2025-12-01-1733.data.3bb84030-c026-407c-a6e9-e117dd1b9147.txt,"",rv_flankerArrows.2025-12-01-1736.data.3bb84030-c026-407c-a6e9-e117dd1b9147.txt,"[""6""]","[""9""]","",6,9,2025-12-01-09-29,2025-12-01-17-29,2025-12-01-17-36,7
s.655e6456-4743-47bd-9b89-1bffe74b47d2.txt,606a3cf263a18869ac8ee0ed,12,74,6,42,"",rv_digitSpan.2025-12-01-1745.data.655e6456-4743-47bd-9b89-1bffe74b47d2.txt,"",rv_flankerArrows.2025-12-01-1750.data.655e6456-4743-47bd-9b89-1bffe74b47d2.txt,"[""8""]","[""13""]","",8,13,2025-12-01-12-29,2025-12-01-17-29,2025-12-01-17-50,21
s.77c6a71e-2c11-4fb1-b2fd-b83f6d514818.txt,5b757a03976ecb0001b1168f,12,74,6,42,"",rv_digitSpan.2025-12-01-1735.data.77c6a71e-2c11-4fb1-b2fd-b83f6d514818.txt,"",rv_flankerArrows.2025-12-01-1738.data.77c6a71e-2c11-4fb1-b2fd-b83f6d514818.txt,"[""7""]","[""-10""]","",7,-10,2025-12-01-12-29,2025-12-01-17-29,2025-12-01-17-38,9
s.f24284d1-4981-4236-90b8-a6417a5ed035.txt,654f8d6d742fe8b47425f0b1,12,74,6,42,"",rv_digitSpan.2025-12-01-1741.data.f24284d1-4981-4236-90b8-a6417a5ed035.txt,"",rv_flankerArrows.2025-12-01-1744.data.f24284d1-4981-4236-90b8-a6417a5ed035.txt,"[""6""]","[""13""]","",6,13,2025-12-01-12-30,2025-12-01-17-30,2025-12-01-17-44,14
s.d9af06f7-0b6b-4b6f-82ba-eda83c9cf748.txt,6768815b73d3cbf6add75750,12,84,6,42,"",rv_digitSpan.2025-12-01-1737.data.d9af06f7-0b6b-4b6f-82ba-eda83c9cf748.txt,"",rv_flankerArrows.2025-12-01-1741.data.d9af06f7-0b6b-4b6f-82ba-eda83c9cf748.txt,"[""6""]","[""29""]","",6,29,2025-12-01-12-30,2025-12-01-17-30,2025-12-01-17-41,11
s.22336597-5e50-43e1-b08f-7f8666ab3be6.txt,691df64dc04e7f4821b97f8a,12,74,6,42,"",rv_digitSpan.2025-12-01-1736.data.22336597-5e50-43e1-b08f-7f8666ab3be6.txt,"",rv_flankerArrows.2025-12-01-1738.data.22336597-5e50-43e1-b08f-7f8666ab3be6.txt,"[""8""]","[""31""]","",8,31,2025-12-01-09-30,2025-12-01-17-30,2025-12-01-17-38,8
s.18af1a71-e64a-415c-ae7b-63509c900104.txt,677180f70e024d29940222d9,12,74,6,42,"",rv_digitSpan.2025-12-01-1736.data.18af1a71-e64a-415c-ae7b-63509c900104.txt,"",rv_flankerArrows.2025-12-01-1741.data.18af1a71-e64a-415c-ae7b-63509c900104.txt,"[""7""]","[""21""]","",7,21,2025-12-01-12-30,2025-12-01-17-30,2025-12-01-17-41,11
s.71066ead-d44a-4361-9eac-4e67a315d19e.txt,5a792c898fe2dc0001058c3b,12,74,6,42,"",rv_digitSpan.2025-12-01-1738.data.71066ead-d44a-4361-9eac-4e67a315d19e.txt,"",rv_flankerArrows.2025-12-01-1740.data.71066ead-d44a-4361-9eac-4e67a315d19e.txt,"[""8""]","[""15""]","",8,15,2025-12-01-11-32,2025-12-01-17-32,2025-12-01-17-40,8
s.b5c14635-7559-4204-8b5d-837bc0fb2246.txt,60d50ceb7c563c73f91d9ec5,12,74,6,42,"",rv_digitSpan.2025-12-01-1735.data.b5c14635-7559-4204-8b5d-837bc0fb2246.txt,"",rv_flankerArrows.2025-12-01-1737.data.b5c14635-7559-4204-8b5d-837bc0fb2246.txt,"[""6""]","[""51""]","",6,51,2025-12-01-11-32,2025-12-01-17-32,2025-12-01-17-37,5
s.0b43f94f-0070-427e-baf4-e224cabbac70.txt,67435174b76a747138e8a47a,12,71,6,42,"",rv_digitSpan.2025-12-01-1737.data.0b43f94f-0070-427e-baf4-e224cabbac70.txt,"",rv_flankerArrows.2025-12-01-1740.data.0b43f94f-0070-427e-baf4-e224cabbac70.txt,"[""7""]","[""70""]","",7,70,2025-12-01-12-33,2025-12-01-17-33,2025-12-01-17-40,7
s.8dbff661-3ca6-4030-b5fd-8a5b7f95deb3.txt,55bb9ae7fdf99b26d27fda01,12,74,8,42,"",rv_digitSpan.2025-12-01-1736.data.8dbff661-3ca6-4030-b5fd-8a5b7f95deb3.txt,"",rv_flankerArrows.2025-12-01-1738.data.8dbff661-3ca6-4030-b5fd-8a5b7f95deb3.txt,"[""4""]","[""10""]","",4,10,2025-12-01-11-33,2025-12-01-17-33,2025-12-01-17-38,5
s.1a931c5b-bbbe-44b7-8beb-4c52f198e2ac.txt,5c4ea6cc889752000156dd8e,12,74,6,42,"",rv_digitSpan.2025-12-01-1737.data.1a931c5b-bbbe-44b7-8beb-4c52f198e2ac.txt,"",rv_flankerArrows.2025-12-01-1739.data.1a931c5b-bbbe-44b7-8beb-4c52f198e2ac.txt,"[""5""]","[""-4""]","",5,-4,2025-12-01-11-34,2025-12-01-17-34,2025-12-01-17-39,5
s.a0017ec5-4181-45f8-9ce4-461a241eb531.txt,6510b799ca6f903d2d4c2d2c,12,74,6,42,"",rv_digitSpan.2025-12-01-1741.data.a0017ec5-4181-45f8-9ce4-461a241eb531.txt,"",rv_flankerArrows.2025-12-01-1744.data.a0017ec5-4181-45f8-9ce4-461a241eb531.txt,"[""5""]","[""26""]","",5,26,2025-12-01-12-38,2025-12-01-17-38,2025-12-01-17-44,6
s.4dbd494a-ccd0-49d1-b337-dbe3a4a654ba.txt,564e93659b124900127eb55b,12,74,6,42,"",rv_digitSpan.2025-12-01-1758.data.4dbd494a-ccd0-49d1-b337-dbe3a4a654ba.txt,"",rv_flankerArrows.2025-12-01-1801.data.4dbd494a-ccd0-49d1-b337-dbe3a4a654ba.txt,"[""7""]","[""23""]","",7,23,2025-12-01-12-41,2025-12-01-17-42,2025-12-01-18-01,19
s.e3d76cfe-6136-41a1-b067-1380e76b3d44.txt,6369700320bc7dd22e733009,12,71,13,42,"",rv_digitSpan.2025-12-01-1746.data.e3d76cfe-6136-41a1-b067-1380e76b3d44.txt,"",rv_flankerArrows.2025-12-01-1749.data.e3d76cfe-6136-41a1-b067-1380e76b3d44.txt,"[""5""]","[""-8""]","",5,-8,2025-12-01-12-42,2025-12-01-17-42,2025-12-01-17-49,7
s.1da3c845-2f02-43f5-b950-405839c9ffdc.txt,599766b07eaf20000139e40d,12,71,6,42,"",rv_digitSpan.2025-12-01-1753.data.1da3c845-2f02-43f5-b950-405839c9ffdc.txt,"",rv_flankerArrows.2025-12-01-1755.data.1da3c845-2f02-43f5-b950-405839c9ffdc.txt,"[""8""]","[""18""]","",8,18,2025-12-01-12-43,2025-12-01-17-43,2025-12-01-17-55,12
s.bbc68ecc-09b6-497a-9207-883fe033ab21.txt,66a09fe785573924735fc76f,12,74,6,42,"",rv_digitSpan.2025-12-01-1755.data.bbc68ecc-09b6-497a-9207-883fe033ab21.txt,"",rv_flankerArrows.2025-12-01-1757.data.bbc68ecc-09b6-497a-9207-883fe033ab21.txt,"[""7""]","[""17""]","",7,17,2025-12-01-12-43,2025-12-01-17-44,2025-12-01-17-57,13
s.40daabb4-9802-4a08-b5ff-14fe8e3c75ca.txt,6726c70622b97e6722fa53d8,12,74,6,42,"",rv_digitSpan.2025-12-01-1752.data.40daabb4-9802-4a08-b5ff-14fe8e3c75ca.txt,"",rv_flankerArrows.2025-12-01-1755.data.40daabb4-9802-4a08-b5ff-14fe8e3c75ca.txt,"[""6""]","[""23""]","",6,23,2025-12-01-12-47,2025-12-01-17-47,2025-12-01-17-55,8
s.3b16a2b1-0049-4251-b9da-1ec2791b4a35.txt,6571f52abf0c07aa1ca785e8,12,74,6,42,"",rv_digitSpan.2025-12-01-1755.data.3b16a2b1-0049-4251-b9da-1ec2791b4a35.txt,"",rv_flankerArrows.2025-12-01-1758.data.3b16a2b1-0049-4251-b9da-1ec2791b4a35.txt,"[""6""]","[""11""]","",6,11,2025-12-01-11-49,2025-12-01-17-49,2025-12-01-17-58,9
s.1f736cd0-e0cf-4ca9-98b7-249b6bc8e547.txt,5e7a2ccd69a7770604dfb352,12,74,6,42,"",rv_digitSpan.2025-12-01-1757.data.1f736cd0-e0cf-4ca9-98b7-249b6bc8e547.txt,"",rv_flankerArrows.2025-12-01-1800.data.1f736cd0-e0cf-4ca9-98b7-249b6bc8e547.txt,"[""7""]","[""32""]","",7,32,2025-12-01-11-52,2025-12-01-17-52,2025-12-01-18-00,8
s.fec2fd9a-531c-442e-8376-719076b8e45e.txt,66d9d1eb189369965f4b8704,12,71,8,42,"",rv_digitSpan.2025-12-01-1759.data.fec2fd9a-531c-442e-8376-719076b8e45e.txt,"",rv_flankerArrows.2025-12-01-1803.data.fec2fd9a-531c-442e-8376-719076b8e45e.txt,"[""6""]","[""66""]","",6,66,2025-12-01-11-52,2025-12-01-17-52,2025-12-01-18-03,11
s.1c105e5a-d8a7-4f95-8ca5-7e98bb1e0bd4.txt,6276d97e209059496d37bf74,12,74,6,42,"",rv_digitSpan.2025-12-01-1800.data.1c105e5a-d8a7-4f95-8ca5-7e98bb1e0bd4.txt,"",rv_flankerArrows.2025-12-01-1804.data.1c105e5a-d8a7-4f95-8ca5-7e98bb1e0bd4.txt,"[""8""]","[""9""]","",8,9,2025-12-01-12-54,2025-12-01-17-54,2025-12-01-18-04,10
s.b5ce254b-39db-4d00-8334-eea8b2f1f3f9.txt,5ac560359534ba0001c74715,12,74,6,42,"",rv_digitSpan.2025-12-01-1802.data.b5ce254b-39db-4d00-8334-eea8b2f1f3f9.txt,"",rv_flankerArrows.2025-12-01-1804.data.b5ce254b-39db-4d00-8334-eea8b2f1f3f9.txt,"[""7""]","[""19""]","",7,19,2025-12-01-12-57,2025-12-01-17-57,2025-12-01-18-04,7
s.a05fefca-0bb3-4077-886a-9c20bfae0f61.txt,6109e5a0f7755d8fcba8b50c,12,74,6,42,"",rv_digitSpan.2025-12-01-1802.data.a05fefca-0bb3-4077-886a-9c20bfae0f61.txt,"",rv_flankerArrows.2025-12-01-1805.data.a05fefca-0bb3-4077-886a-9c20bfae0f61.txt,"[""6""]","[""18""]","",6,18,2025-12-01-09-58,2025-12-01-17-58,2025-12-01-18-05,7
s.74704d2e-69df-40ef-b802-6337e7fb7a74.txt,67eaa46b7bb6cbefdcbde74c,12,74,6,42,"",rv_digitSpan.2025-12-01-1805.data.74704d2e-69df-40ef-b802-6337e7fb7a74.txt,"",rv_flankerArrows.2025-12-01-1809.data.74704d2e-69df-40ef-b802-6337e7fb7a74.txt,"[""6""]","[""72""]","",6,72,2025-12-01-13-00,2025-12-01-18-00,2025-12-01-18-09,9
s.c7cf2659-d906-4a72-aa81-f9f9dbbfdc36.txt,63c09186d75a9bbd3bec5652,12,84,8,42,"",rv_digitSpan.2025-12-01-1810.data.c7cf2659-d906-4a72-aa81-f9f9dbbfdc36.txt,"",rv_flankerArrows.2025-12-01-1813.data.c7cf2659-d906-4a72-aa81-f9f9dbbfdc36.txt,"[""9""]","[""23""]","",9,23,2025-12-01-10-01,2025-12-01-18-01,2025-12-01-18-13,12
s.14a283a1-d19c-41a4-8768-e8e8c98c01be.txt,55d4d11258c35800113dc2ab,12,74,6,42,"",rv_digitSpan.2025-12-01-1812.data.14a283a1-d19c-41a4-8768-e8e8c98c01be.txt,"",rv_flankerArrows.2025-12-01-1815.data.14a283a1-d19c-41a4-8768-e8e8c98c01be.txt,"[""9""]","[""26""]","",9,26,2025-12-01-13-03,2025-12-01-18-03,2025-12-01-18-15,12
s.b1307cb3-f0b8-4d48-b6bf-1081da673c98.txt,6015ba06aa02256df4792d15,12,71,6,42,"",rv_digitSpan.2025-12-01-1815.data.b1307cb3-f0b8-4d48-b6bf-1081da673c98.txt,"",rv_flankerArrows.2025-12-01-1820.data.b1307cb3-f0b8-4d48-b6bf-1081da673c98.txt,"[""8""]","[""16""]","",8,16,2025-12-01-11-06,2025-12-01-18-06,2025-12-01-18-20,14
s.59026c60-18d8-43bc-8d61-7960d5a681bd.txt,5d8998025e8a740001d6e2f1,12,74,6,42,"",rv_digitSpan.2025-12-01-1811.data.59026c60-18d8-43bc-8d61-7960d5a681bd.txt,"",rv_flankerArrows.2025-12-01-1814.data.59026c60-18d8-43bc-8d61-7960d5a681bd.txt,"[""7""]","[""31""]","",7,31,2025-12-01-12-06,2025-12-01-18-06,2025-12-01-18-14,8
s.79805721-ab39-4b52-bb4f-0f91fb4395de.txt,680c0636408121caf12fe0d1,12,74,6,42,"",rv_digitSpan.2025-12-01-1820.data.79805721-ab39-4b52-bb4f-0f91fb4395de.txt,"",rv_flankerArrows.2025-12-01-1823.data.79805721-ab39-4b52-bb4f-0f91fb4395de.txt,"[""7""]","[""-28""]","",7,-28,2025-12-01-13-08,2025-12-01-18-08,2025-12-01-18-23,15
s.585885aa-d2ee-47f0-bc2d-cb05b32ad9ba.txt,67294473dbb580a0ca93f60f,12,74,6,42,"",rv_digitSpan.2025-12-01-1822.data.585885aa-d2ee-47f0-bc2d-cb05b32ad9ba.txt,"",rv_flankerArrows.2025-12-01-1825.data.585885aa-d2ee-47f0-bc2d-cb05b32ad9ba.txt,"[""6""]","[""40""]","",6,40,2025-12-01-13-08,2025-12-01-18-08,2025-12-01-18-25,17
s.7d9b31c2-c7d0-4f73-b0e0-f21c4d5decb2.txt,632b3017a1169b3aa44c0d66,12,74,6,42,"",rv_digitSpan.2025-12-01-1814.data.7d9b31c2-c7d0-4f73-b0e0-f21c4d5decb2.txt,"",rv_flankerArrows.2025-12-01-1816.data.7d9b31c2-c7d0-4f73-b0e0-f21c4d5decb2.txt,"[""6""]","[""-5""]","",6,-5,2025-12-01-12-10,2025-12-01-18-10,2025-12-01-18-16,6
s.50777602-b3bb-430e-9a60-75d854fb9c9a.txt,67246794a85893f571f01fcc,12,74,8,42,"",rv_digitSpan.2025-12-01-1821.data.50777602-b3bb-430e-9a60-75d854fb9c9a.txt,"",rv_flankerArrows.2025-12-01-1824.data.50777602-b3bb-430e-9a60-75d854fb9c9a.txt,"[""5""]","[""-25""]","",5,-25,2025-12-01-13-14,2025-12-01-18-14,2025-12-01-18-24,10
s.682700eb-2b2f-4c35-8944-7df89f803b2a.txt,6640d0ae532fbc1394f8c1dd,12,74,6,42,"",rv_digitSpan.2025-12-01-1828.data.682700eb-2b2f-4c35-8944-7df89f803b2a.txt,"",rv_flankerArrows.2025-12-01-1831.data.682700eb-2b2f-4c35-8944-7df89f803b2a.txt,"[""7""]","[""26""]","",7,26,2025-12-01-13-21,2025-12-01-18-21,2025-12-01-18-31,10
s.da2b596b-3855-4846-aa57-640f3de9ec51.txt,665f930d862dcdc6bfde540e,12,74,6,42,"",rv_digitSpan.2025-12-01-1854.data.da2b596b-3855-4846-aa57-640f3de9ec51.txt,"",rv_flankerArrows.2025-12-01-1913.data.da2b596b-3855-4846-aa57-640f3de9ec51.txt,"[""7""]","[""-5""]","",7,-5,2025-12-01-13-25,2025-12-01-18-25,2025-12-01-19-13,48
s.fc1dcd77-36a8-4bfb-a063-9e9145629f2c.txt,65978a6c375b6513561ed3fa,12,74,8,42,"",rv_digitSpan.2025-12-01-1912.data.fc1dcd77-36a8-4bfb-a063-9e9145629f2c.txt,"",rv_flankerArrows.2025-12-01-1914.data.fc1dcd77-36a8-4bfb-a063-9e9145629f2c.txt,"[""9""]","[""-45""]","",9,-45,2025-12-01-13-02,2025-12-01-19-02,2025-12-01-19-14,12
s.3c25e8c9-fb16-4227-b681-eb6710a841ab.txt,6667627ba6d0d6f7b08686ab,12,74,6,42,"",rv_digitSpan.2025-12-01-1953.data.3c25e8c9-fb16-4227-b681-eb6710a841ab.txt,"",rv_flankerArrows.2025-12-01-1956.data.3c25e8c9-fb16-4227-b681-eb6710a841ab.txt,"[""6""]","[""10""]","",6,10,2025-12-01-14-49,2025-12-01-19-49,2025-12-01-19-56,7
s.60cfcfd6-8ecb-4efc-9438-26476fc60482.txt,67acff5fc3860389b0c4dc25,12,"",6,42,"",rv_digitSpan.2025-12-03-1848.data.60cfcfd6-8ecb-4efc-9438-26476fc60482.txt,"",rv_flankerArrows.2025-12-03-1851.data.60cfcfd6-8ecb-4efc-9438-26476fc60482.txt,"[""5""]","[""59""]","",5,59,2025-12-03-12-45,2025-12-03-18-45,2025-12-03-18-51,6
s.df16f524-5e37-4fde-a537-59a2e96e820d.txt,6331b9456956d880a1e4632f,12,71,6,42,"",rv_digitSpan.2025-12-03-1850.data.df16f524-5e37-4fde-a537-59a2e96e820d.txt,"",rv_flankerArrows.2025-12-03-1854.data.df16f524-5e37-4fde-a537-59a2e96e820d.txt,"[""7""]","[""62""]","",7,62,2025-12-03-10-45,2025-12-03-18-45,2025-12-03-18-54,9
s.27cb2236-5112-47be-bb9b-7a9117a65d4d.txt,5e77a65dcce2a2319f9e8849,12,74,6,42,"",rv_digitSpan.2025-12-03-1850.data.27cb2236-5112-47be-bb9b-7a9117a65d4d.txt,"",rv_flankerArrows.2025-12-03-1852.data.27cb2236-5112-47be-bb9b-7a9117a65d4d.txt,"[""8""]","[""39""]","",8,39,2025-12-03-13-45,2025-12-03-18-45,2025-12-03-18-52,7
s.e5742ad9-aa79-4b94-98fa-bd19310be35a.txt,5f4f990e0e7da9068d0a9802,12,71,6,42,"",rv_digitSpan.2025-12-03-1850.data.e5742ad9-aa79-4b94-98fa-bd19310be35a.txt,"",rv_flankerArrows.2025-12-03-1853.data.e5742ad9-aa79-4b94-98fa-bd19310be35a.txt,"[""5""]","[""29""]","",5,29,2025-12-03-13-45,2025-12-03-18-45,2025-12-03-18-53,8
s.9b2eebf6-2be9-4877-8621-283de9dd5c99.txt,5fa3dc44bc91850202c76749,12,71,6,2,"",rv_digitSpan.2025-12-03-1848.data.9b2eebf6-2be9-4877-8621-283de9dd5c99.txt,"",rv_flankerArrows.2025-12-03-1853.data.9b2eebf6-2be9-4877-8621-283de9dd5c99.txt,"[""4""]","[""-9""]","",4,-9,2025-12-03-19-45,2025-12-03-18-45,2025-12-03-18-53,8
s.4fb7712e-d24b-43f7-9ce0-8eb50ce752ee.txt,653822a7bb1fae9976bb28a1,12,74,6,42,"",rv_digitSpan.2025-12-03-1849.data.4fb7712e-d24b-43f7-9ce0-8eb50ce752ee.txt,"",rv_flankerArrows.2025-12-03-1852.data.4fb7712e-d24b-43f7-9ce0-8eb50ce752ee.txt,"[""5""]","[""7""]","",5,7,2025-12-03-12-45,2025-12-03-18-45,2025-12-03-18-52,7
s.ed07d933-3cc9-4ae6-b383-12eabf1bb3af.txt,66c3bad3b51ed206bc3e6417,12,74,6,42,"",rv_digitSpan.2025-12-03-1849.data.ed07d933-3cc9-4ae6-b383-12eabf1bb3af.txt,"",rv_flankerArrows.2025-12-03-1852.data.ed07d933-3cc9-4ae6-b383-12eabf1bb3af.txt,"[""6""]","[""76""]","",6,76,2025-12-03-12-45,2025-12-03-18-45,2025-12-03-18-52,7
s.af4f475e-3c03-4182-9e56-dbdc0d7a1da3.txt,5fd66ce8aec66457ff73d743,12,71,6,42,"",rv_digitSpan.2025-12-03-1852.data.af4f475e-3c03-4182-9e56-dbdc0d7a1da3.txt,"",rv_flankerArrows.2025-12-03-1855.data.af4f475e-3c03-4182-9e56-dbdc0d7a1da3.txt,"[""9""]","[""36""]","",9,36,2025-12-03-13-45,2025-12-03-18-45,2025-12-03-18-55,10
s.a66810e6-6e27-442c-9bb9-a054ec078064.txt,66c49506c24e39d11f5d89fc,12,74,6,42,"",rv_digitSpan.2025-12-03-1851.data.a66810e6-6e27-442c-9bb9-a054ec078064.txt,"",rv_flankerArrows.2025-12-03-1853.data.a66810e6-6e27-442c-9bb9-a054ec078064.txt,"[""9""]","[""36""]","",9,36,2025-12-03-12-45,2025-12-03-18-45,2025-12-03-18-53,8
s.98da646d-1473-4321-b73e-0aad61c06b1a.txt,5a80f874b093f80001a7b1b4,12,74,6,42,"",rv_digitSpan.2025-12-03-1851.data.98da646d-1473-4321-b73e-0aad61c06b1a.txt,"",rv_flankerArrows.2025-12-03-1855.data.98da646d-1473-4321-b73e-0aad61c06b1a.txt,"[""9""]","[""26""]","",9,26,2025-12-03-12-45,2025-12-03-18-45,2025-12-03-18-55,10
s.2c3d4a64-25bf-49b5-95a1-a04873d6f4fb.txt,5de30dd39a9da5342d09f2e8,12,74,6,42,"",rv_digitSpan.2025-12-03-1852.data.2c3d4a64-25bf-49b5-95a1-a04873d6f4fb.txt,"",rv_flankerArrows.2025-12-03-1855.data.2c3d4a64-25bf-49b5-95a1-a04873d6f4fb.txt,"[""7""]","[""25""]","",7,25,2025-12-03-12-45,2025-12-03-18-45,2025-12-03-18-55,10
s.4306d3c6-8e2b-48bc-8a3b-cd1672587d61.txt,65f079d950ec7745ae73f277,12,74,6,42,"",rv_digitSpan.2025-12-03-1849.data.4306d3c6-8e2b-48bc-8a3b-cd1672587d61.txt,"",rv_flankerArrows.2025-12-03-1852.data.4306d3c6-8e2b-48bc-8a3b-cd1672587d61.txt,"[""5""]","[""6""]","",5,6,2025-12-03-12-45,2025-12-03-18-45,2025-12-03-18-52,7
s.c63121ee-b6a1-4267-9e61-51e0131ccf91.txt,66aa8d04719b0f5ef3433e9c,12,74,6,42,"",rv_digitSpan.2025-12-03-1907.data.c63121ee-b6a1-4267-9e61-51e0131ccf91.txt,"",rv_flankerArrows.2025-12-03-1910.data.c63121ee-b6a1-4267-9e61-51e0131ccf91.txt,"[""4""]","[""25""]","",4,25,2025-12-03-13-49,2025-12-03-18-49,2025-12-03-19-10,21
s.10b1ca1e-cd2e-435e-a466-f9f1d59082d6.txt,63fcde3494055a563c72cb12,12,74,6,42,"",rv_digitSpan.2025-12-03-1853.data.10b1ca1e-cd2e-435e-a466-f9f1d59082d6.txt,"",rv_flankerArrows.2025-12-03-1856.data.10b1ca1e-cd2e-435e-a466-f9f1d59082d6.txt,"[""6""]","[""4""]","",6,4,2025-12-03-12-49,2025-12-03-18-49,2025-12-03-18-56,7
s.f8dde346-708f-4248-9144-32960f5f2676.txt,5e437d7404eaba215eafbd2a,12,74,6,42,"",rv_digitSpan.2025-12-03-1922.data.f8dde346-708f-4248-9144-32960f5f2676.txt,"",rv_flankerArrows.2025-12-03-1930.data.f8dde346-708f-4248-9144-32960f5f2676.txt,"[""5""]","[""31""]","",5,31,2025-12-03-13-49,2025-12-03-18-49,2025-12-03-19-30,41
s.82dcf544-66ea-43ed-8732-6e48ad1d7ba8.txt,66c4f3cb14cbfc4db836bd4e,12,74,8,42,"",rv_digitSpan.2025-12-03-1859.data.82dcf544-66ea-43ed-8732-6e48ad1d7ba8.txt,"",rv_flankerArrows.2025-12-03-1908.data.82dcf544-66ea-43ed-8732-6e48ad1d7ba8.txt,"[""6""]","[""-20""]","",6,-20,2025-12-03-12-54,2025-12-03-18-54,2025-12-03-19-08,14
s.b49f59d4-f10d-47f8-86c4-0e4cf0f2de2b.txt,6788d82f8ec0422c248b737a,12,74,6,42,"",rv_digitSpan.2025-12-03-1904.data.b49f59d4-f10d-47f8-86c4-0e4cf0f2de2b.txt,"",rv_flankerArrows.2025-12-03-1907.data.b49f59d4-f10d-47f8-86c4-0e4cf0f2de2b.txt,"[""9""]","[""-14""]","",9,-14,2025-12-03-12-57,2025-12-03-18-57,2025-12-03-19-07,10
s.f5b7068a-08eb-4084-be1d-4dc9441a52d3.txt,63d42902a85ae3e7b4920266,12,74,6,42,"",rv_digitSpan.2025-12-03-1903.data.f5b7068a-08eb-4084-be1d-4dc9441a52d3.txt,"",rv_flankerArrows.2025-12-03-1906.data.f5b7068a-08eb-4084-be1d-4dc9441a52d3.txt,"[""0""]","[""12""]","",0,12,2025-12-03-10-59,2025-12-03-18-59,2025-12-03-19-06,7
s.7a5a0820-7099-40d0-8aac-45cb9b40fdd2.txt,65031ea9cb2723bf741d4151,12,74,6,42,"",rv_digitSpan.2025-12-03-1903.data.7a5a0820-7099-40d0-8aac-45cb9b40fdd2.txt,"",rv_flankerArrows.2025-12-03-1908.data.7a5a0820-7099-40d0-8aac-45cb9b40fdd2.txt,"[""5""]","[""35""]","",5,35,2025-12-03-10-59,2025-12-03-18-59,2025-12-03-19-08,9
s.3775b25a-6b43-446a-bc4a-2d09ec04a4ab.txt,67d9625169884c7fdecaf0a6,12,74,6,42,"",rv_digitSpan.2025-12-03-1917.data.3775b25a-6b43-446a-bc4a-2d09ec04a4ab.txt,"",rv_flankerArrows.2025-12-03-1922.data.3775b25a-6b43-446a-bc4a-2d09ec04a4ab.txt,"[""6""]","[""17""]","",6,17,2025-12-03-19-07,2025-12-03-19-07,2025-12-03-19-22,15
